[
  {
    "model": "contenttypes.contenttype",
    "pk": 1,
    "fields": {
      "app_label": "admin",
      "model": "logentry"
    }
  },
  {
    "model": "contenttypes.contenttype",
    "pk": 2,
    "fields": {
      "app_label": "auth",
      "model": "user"
    }
  },
  {
    "model": "contenttypes.contenttype",
    "pk": 3,
    "fields": {
      "app_label": "auth",
      "model": "group"
    }
  },
  {
    "model": "contenttypes.contenttype",
    "pk": 4,
    "fields": {
      "app_label": "auth",
      "model": "permission"
    }
  },
  {
    "model": "contenttypes.contenttype",
    "pk": 5,
    "fields": {
      "app_label": "contenttypes",
      "model": "contenttype"
    }
  },
  {
    "model": "contenttypes.contenttype",
    "pk": 6,
    "fields": {
      "app_label": "sessions",
      "model": "session"
    }
  },
  {
    "model": "contenttypes.contenttype",
    "pk": 7,
    "fields": {
      "app_label": "game",
      "model": "results"
    }
  },
  {
    "model": "contenttypes.contenttype",
    "pk": 8,
    "fields": {
      "app_label": "game",
      "model": "codes"
    }
  },
  {
    "model": "contenttypes.contenttype",
    "pk": 9,
    "fields": {
      "app_label": "game",
      "model": "profile"
    }
  },
  {
    "model": "sessions.session",
    "pk": "czoib7wfiypxpqc9ewgbdn2i75jhv6bh",
    "fields": {
      "session_data": "YjNjOWNkMTI2NTRiMTkwZmE0OTk0NWEzOWVhZGM5NmI4OTI4YzI4NDp7Il9hdXRoX3VzZXJfaWQiOiIxIiwiX2F1dGhfdXNlcl9oYXNoIjoiODc4ZjJjMzBiNTg1NDlmOTI5ODBjMzU3MWZjMzM0NGIzOWMyNTQwOSIsIl9hdXRoX3VzZXJfYmFja2VuZCI6ImRqYW5nby5jb250cmliLmF1dGguYmFja2VuZHMuTW9kZWxCYWNrZW5kIn0=",
      "expire_date": "2018-03-13T08:59:49.368Z"
    }
  },
  {
    "model": "sessions.session",
    "pk": "dl1nd9b5942eajuzzci8a1gcy8hqypgi",
    "fields": {
      "session_data": "MzU3Mzk0ZmQ0ODBjYWI5N2VjNmEwOGFkOTAzZGMxOGUyMWJkNTQ5NTp7Il9hdXRoX3VzZXJfYmFja2VuZCI6ImRqYW5nby5jb250cmliLmF1dGguYmFja2VuZHMuTW9kZWxCYWNrZW5kIiwiX2F1dGhfdXNlcl9pZCI6IjEiLCJfYXV0aF91c2VyX2hhc2giOiI4NzhmMmMzMGI1ODU0OWY5Mjk4MGMzNTcxZmMzMzQ0YjM5YzI1NDA5In0=",
      "expire_date": "2018-03-06T09:49:08.262Z"
    }
  },
  {
    "model": "sessions.session",
    "pk": "ejm88jkjihl97i5fymvlbav6z04t30o4",
    "fields": {
      "session_data": "ZjIwN2FhYzlhM2RlOWUzZDkyNDkzMzA3ZTM2NDNjNzkxMjAxMDg3Yzp7Il9tZXNzYWdlcyI6IltbXCJfX2pzb25fbWVzc2FnZVwiLDEsMjUsXCJcXHUwNDQwXFx1MDQzNVxcdTA0MzlcXHUwNDQyXFx1MDQzOFxcdTA0M2RcXHUwNDMzIFxcXCI8YSBocmVmPVxcXCIvYWRtaW4vZ2FtZS9yZXN1bHRzL1xcXCI+Jmx0O1F1ZXJ5U2V0IFsmbHQ7UmVzdWx0czogUmVzdWx0cyBvYmplY3QgKDUpJmd0OywgJmx0O1Jlc3VsdHM6IFJlc3VsdHMgb2JqZWN0ICgyKSZndDssICZsdDtSZXN1bHRzOiBSZXN1bHRzIG9iamVjdCAoMykmZ3Q7LCAmbHQ7UmVzdWx0czogUmVzdWx0cyBvYmplY3QgKDYpJmd0OywgJmx0O1Jlc3VsdHM6IFJlc3VsdHMgb2JqZWN0ICg3KSZndDssICZsdDtSZXN1bHRzOiBSZXN1bHRzIG9iamVjdCAoOCkmZ3Q7XSZndDs8L2E+XFxcIiBcXHUwNDMxXFx1MDQ0M1xcdTA0M2JcXHUwNDNlIFxcdTA0MzdcXHUwNDNjXFx1MDQ1NlxcdTA0M2RcXHUwNDM1XFx1MDQzZFxcdTA0M2UgXFx1MDQ0M1xcdTA0NDFcXHUwNDNmXFx1MDQ1NlxcdTA0NDhcXHUwNDNkXFx1MDQzZS5cIl0sW1wiX19qc29uX21lc3NhZ2VcIiwxLDI1LFwiXFx1MDQ0MFxcdTA0MzVcXHUwNDM5XFx1MDQ0MlxcdTA0MzhcXHUwNDNkXFx1MDQzMyBcXFwiPGEgaHJlZj1cXFwiL2FkbWluL2dhbWUvcmVzdWx0cy9cXFwiPiZsdDtRdWVyeVNldCBbJmx0O1Jlc3VsdHM6IFJlc3VsdHMgb2JqZWN0ICg1KSZndDssICZsdDtSZXN1bHRzOiBSZXN1bHRzIG9iamVjdCAoMikmZ3Q7LCAmbHQ7UmVzdWx0czogUmVzdWx0cyBvYmplY3QgKDMpJmd0OywgJmx0O1Jlc3VsdHM6IFJlc3VsdHMgb2JqZWN0ICg2KSZndDssICZsdDtSZXN1bHRzOiBSZXN1bHRzIG9iamVjdCAoNykmZ3Q7LCAmbHQ7UmVzdWx0czogUmVzdWx0cyBvYmplY3QgKDgpJmd0O10mZ3Q7PC9hPlxcXCIgXFx1MDQzMVxcdTA0NDNcXHUwNDNiXFx1MDQzZSBcXHUwNDM3XFx1MDQzY1xcdTA0NTZcXHUwNDNkXFx1MDQzNVxcdTA0M2RcXHUwNDNlIFxcdTA0NDNcXHUwNDQxXFx1MDQzZlxcdTA0NTZcXHUwNDQ4XFx1MDQzZFxcdTA0M2UuXCJdLFtcIl9fanNvbl9tZXNzYWdlXCIsMSwyNSxcIlxcdTA0NDBcXHUwNDM1XFx1MDQzOVxcdTA0NDJcXHUwNDM4XFx1MDQzZFxcdTA0MzMgXFxcIjxhIGhyZWY9XFxcIi9hZG1pbi9nYW1lL3Jlc3VsdHMvXFxcIj4mbHQ7UXVlcnlTZXQgWyZsdDtSZXN1bHRzOiBSZXN1bHRzIG9iamVjdCAoNSkmZ3Q7LCAmbHQ7UmVzdWx0czogUmVzdWx0cyBvYmplY3QgKDIpJmd0OywgJmx0O1Jlc3VsdHM6IFJlc3VsdHMgb2JqZWN0ICgzKSZndDssICZsdDtSZXN1bHRzOiBSZXN1bHRzIG9iamVjdCAoNikmZ3Q7LCAmbHQ7UmVzdWx0czogUmVzdWx0cyBvYmplY3QgKDcpJmd0OywgJmx0O1Jlc3VsdHM6IFJlc3VsdHMgb2JqZWN0ICg4KSZndDtdJmd0OzwvYT5cXFwiIFxcdTA0MzFcXHUwNDQzXFx1MDQzYlxcdTA0M2UgXFx1MDQzN1xcdTA0M2NcXHUwNDU2XFx1MDQzZFxcdTA0MzVcXHUwNDNkXFx1MDQzZSBcXHUwNDQzXFx1MDQ0MVxcdTA0M2ZcXHUwNDU2XFx1MDQ0OFxcdTA0M2RcXHUwNDNlLlwiXSxbXCJfX2pzb25fbWVzc2FnZVwiLDEsMjUsXCJcXHUwNDQwXFx1MDQzNVxcdTA0MzlcXHUwNDQyXFx1MDQzOFxcdTA0M2RcXHUwNDMzIFxcXCI8YSBocmVmPVxcXCIvYWRtaW4vZ2FtZS9yZXN1bHRzL1xcXCI+Jmx0O1F1ZXJ5U2V0IFsmbHQ7UmVzdWx0czogUmVzdWx0cyBvYmplY3QgKDUpJmd0OywgJmx0O1Jlc3VsdHM6IFJlc3VsdHMgb2JqZWN0ICgyKSZndDssICZsdDtSZXN1bHRzOiBSZXN1bHRzIG9iamVjdCAoMykmZ3Q7LCAmbHQ7UmVzdWx0czogUmVzdWx0cyBvYmplY3QgKDYpJmd0OywgJmx0O1Jlc3VsdHM6IFJlc3VsdHMgb2JqZWN0ICg3KSZndDssICZsdDtSZXN1bHRzOiBSZXN1bHRzIG9iamVjdCAoOCkmZ3Q7XSZndDs8L2E+XFxcIiBcXHUwNDMxXFx1MDQ0M1xcdTA0M2JcXHUwNDNlIFxcdTA0MzdcXHUwNDNjXFx1MDQ1NlxcdTA0M2RcXHUwNDM1XFx1MDQzZFxcdTA0M2UgXFx1MDQ0M1xcdTA0NDFcXHUwNDNmXFx1MDQ1NlxcdTA0NDhcXHUwNDNkXFx1MDQzZS5cIl0sW1wiX19qc29uX21lc3NhZ2VcIiwxLDI1LFwiXFx1MDQ0MFxcdTA0MzVcXHUwNDM5XFx1MDQ0MlxcdTA0MzhcXHUwNDNkXFx1MDQzMyBcXFwiPGEgaHJlZj1cXFwiL2FkbWluL2dhbWUvcmVzdWx0cy9cXFwiPiZsdDtRdWVyeVNldCBbJmx0O1Jlc3VsdHM6IFJlc3VsdHMgb2JqZWN0ICg1KSZndDssICZsdDtSZXN1bHRzOiBSZXN1bHRzIG9iamVjdCAoMikmZ3Q7LCAmbHQ7UmVzdWx0czogUmVzdWx0cyBvYmplY3QgKDMpJmd0OywgJmx0O1Jlc3VsdHM6IFJlc3VsdHMgb2JqZWN0ICg2KSZndDssICZsdDtSZXN1bHRzOiBSZXN1bHRzIG9iamVjdCAoNykmZ3Q7LCAmbHQ7UmVzdWx0czogUmVzdWx0cyBvYmplY3QgKDgpJmd0O10mZ3Q7PC9hPlxcXCIgXFx1MDQzMVxcdTA0NDNcXHUwNDNiXFx1MDQzZSBcXHUwNDM3XFx1MDQzY1xcdTA0NTZcXHUwNDNkXFx1MDQzNVxcdTA0M2RcXHUwNDNlIFxcdTA0NDNcXHUwNDQxXFx1MDQzZlxcdTA0NTZcXHUwNDQ4XFx1MDQzZFxcdTA0M2UuXCJdLFtcIl9fanNvbl9tZXNzYWdlXCIsMSwyNSxcIlxcdTA0NDBcXHUwNDM1XFx1MDQzOVxcdTA0NDJcXHUwNDM4XFx1MDQzZFxcdTA0MzMgXFxcIjxhIGhyZWY9XFxcIi9hZG1pbi9nYW1lL3Jlc3VsdHMvXFxcIj4mbHQ7UXVlcnlTZXQgWyZsdDtSZXN1bHRzOiBSZXN1bHRzIG9iamVjdCAoNSkmZ3Q7LCAmbHQ7UmVzdWx0czogUmVzdWx0cyBvYmplY3QgKDIpJmd0OywgJmx0O1Jlc3VsdHM6IFJlc3VsdHMgb2JqZWN0ICgzKSZndDssICZsdDtSZXN1bHRzOiBSZXN1bHRzIG9iamVjdCAoNikmZ3Q7LCAmbHQ7UmVzdWx0czogUmVzdWx0cyBvYmplY3QgKDcpJmd0OywgJmx0O1Jlc3VsdHM6IFJlc3VsdHMgb2JqZWN0ICg4KSZndDtdJmd0OzwvYT5cXFwiIFxcdTA0MzFcXHUwNDQzXFx1MDQzYlxcdTA0M2UgXFx1MDQzN1xcdTA0M2NcXHUwNDU2XFx1MDQzZFxcdTA0MzVcXHUwNDNkXFx1MDQzZSBcXHUwNDQzXFx1MDQ0MVxcdTA0M2ZcXHUwNDU2XFx1MDQ0OFxcdTA0M2RcXHUwNDNlLlwiXSxbXCJfX2pzb25fbWVzc2FnZVwiLDEsMjUsXCJcXHUwNDQwXFx1MDQzNVxcdTA0MzlcXHUwNDQyXFx1MDQzOFxcdTA0M2RcXHUwNDMzIFxcXCI8YSBocmVmPVxcXCIvYWRtaW4vZ2FtZS9yZXN1bHRzL1xcXCI+Jmx0O1F1ZXJ5U2V0IFsmbHQ7UmVzdWx0czogUmVzdWx0cyBvYmplY3QgKDUpJmd0OywgJmx0O1Jlc3VsdHM6IFJlc3VsdHMgb2JqZWN0ICgyKSZndDssICZsdDtSZXN1bHRzOiBSZXN1bHRzIG9iamVjdCAoMykmZ3Q7LCAmbHQ7UmVzdWx0czogUmVzdWx0cyBvYmplY3QgKDYpJmd0OywgJmx0O1Jlc3VsdHM6IFJlc3VsdHMgb2JqZWN0ICg3KSZndDssICZsdDtSZXN1bHRzOiBSZXN1bHRzIG9iamVjdCAoOCkmZ3Q7XSZndDs8L2E+XFxcIiBcXHUwNDMxXFx1MDQ0M1xcdTA0M2JcXHUwNDNlIFxcdTA0MzdcXHUwNDNjXFx1MDQ1NlxcdTA0M2RcXHUwNDM1XFx1MDQzZFxcdTA0M2UgXFx1MDQ0M1xcdTA0NDFcXHUwNDNmXFx1MDQ1NlxcdTA0NDhcXHUwNDNkXFx1MDQzZS5cIl0sW1wiX19qc29uX21lc3NhZ2VcIiwxLDI1LFwiXFx1MDQ0MFxcdTA0MzVcXHUwNDM5XFx1MDQ0MlxcdTA0MzhcXHUwNDNkXFx1MDQzMyBcXFwiPGEgaHJlZj1cXFwiL2FkbWluL2dhbWUvcmVzdWx0cy9cXFwiPiZsdDtRdWVyeVNldCBbJmx0O1Jlc3VsdHM6IFJlc3VsdHMgb2JqZWN0ICg1KSZndDssICZsdDtSZXN1bHRzOiBSZXN1bHRzIG9iamVjdCAoMikmZ3Q7LCAmbHQ7UmVzdWx0czogUmVzdWx0cyBvYmplY3QgKDMpJmd0OywgJmx0O1Jlc3VsdHM6IFJlc3VsdHMgb2JqZWN0ICg2KSZndDssICZsdDtSZXN1bHRzOiBSZXN1bHRzIG9iamVjdCAoNykmZ3Q7LCAmbHQ7UmVzdWx0czogUmVzdWx0cyBvYmplY3QgKDgpJmd0O10mZ3Q7PC9hPlxcXCIgXFx1MDQzMVxcdTA0NDNcXHUwNDNiXFx1MDQzZSBcXHUwNDM3XFx1MDQzY1xcdTA0NTZcXHUwNDNkXFx1MDQzNVxcdTA0M2RcXHUwNDNlIFxcdTA0NDNcXHUwNDQxXFx1MDQzZlxcdTA0NTZcXHUwNDQ4XFx1MDQzZFxcdTA0M2UuXCJdLFtcIl9fanNvbl9tZXNzYWdlXCIsMSwyNSxcIlxcdTA0NDBcXHUwNDM1XFx1MDQzOVxcdTA0NDJcXHUwNDM4XFx1MDQzZFxcdTA0MzMgXFxcIjxhIGhyZWY9XFxcIi9hZG1pbi9nYW1lL3Jlc3VsdHMvXFxcIj4mbHQ7UXVlcnlTZXQgWyZsdDtSZXN1bHRzOiBSZXN1bHRzIG9iamVjdCAoNSkmZ3Q7LCAmbHQ7UmVzdWx0czogUmVzdWx0cyBvYmplY3QgKDIpJmd0OywgJmx0O1Jlc3VsdHM6IFJlc3VsdHMgb2JqZWN0ICgzKSZndDssICZsdDtSZXN1bHRzOiBSZXN1bHRzIG9iamVjdCAoNikmZ3Q7LCAmbHQ7UmVzdWx0czogUmVzdWx0cyBvYmplY3QgKDcpJmd0OywgJmx0O1Jlc3VsdHM6IFJlc3VsdHMgb2JqZWN0ICg4KSZndDtdJmd0OzwvYT5cXFwiIFxcdTA0MzFcXHUwNDQzXFx1MDQzYlxcdTA0M2UgXFx1MDQzN1xcdTA0M2NcXHUwNDU2XFx1MDQzZFxcdTA0MzVcXHUwNDNkXFx1MDQzZSBcXHUwNDQzXFx1MDQ0MVxcdTA0M2ZcXHUwNDU2XFx1MDQ0OFxcdTA0M2RcXHUwNDNlLlwiXSxbXCJfX2pzb25fbWVzc2FnZVwiLDEsMjUsXCJcXHUwNDQwXFx1MDQzNVxcdTA0MzlcXHUwNDQyXFx1MDQzOFxcdTA0M2RcXHUwNDMzIFxcXCI8YSBocmVmPVxcXCIvYWRtaW4vZ2FtZS9yZXN1bHRzL1xcXCI+Jmx0O1F1ZXJ5U2V0IFsmbHQ7UmVzdWx0czogUmVzdWx0cyBvYmplY3QgKDUpJmd0OywgJmx0O1Jlc3VsdHM6IFJlc3VsdHMgb2JqZWN0ICgyKSZndDssICZsdDtSZXN1bHRzOiBSZXN1bHRzIG9iamVjdCAoMykmZ3Q7LCAmbHQ7UmVzdWx0czogUmVzdWx0cyBvYmplY3QgKDYpJmd0OywgJmx0O1Jlc3VsdHM6IFJlc3VsdHMgb2JqZWN0ICg3KSZndDssICZsdDtSZXN1bHRzOiBSZXN1bHRzIG9iamVjdCAoOCkmZ3Q7XSZndDs8L2E+XFxcIiBcXHUwNDMxXFx1MDQ0M1xcdTA0M2JcXHUwNDNlIFxcdTA0MzdcXHUwNDNjXFx1MDQ1NlxcdTA0M2RcXHUwNDM1XFx1MDQzZFxcdTA0M2UgXFx1MDQ0M1xcdTA0NDFcXHUwNDNmXFx1MDQ1NlxcdTA0NDhcXHUwNDNkXFx1MDQzZS5cIl0sW1wiX19qc29uX21lc3NhZ2VcIiwxLDI1LFwiXFx1MDQ0MFxcdTA0MzVcXHUwNDM5XFx1MDQ0MlxcdTA0MzhcXHUwNDNkXFx1MDQzMyBcXFwiPGEgaHJlZj1cXFwiL2FkbWluL2dhbWUvcmVzdWx0cy9cXFwiPiZsdDtRdWVyeVNldCBbJmx0O1Jlc3VsdHM6IFJlc3VsdHMgb2JqZWN0ICg1KSZndDssICZsdDtSZXN1bHRzOiBSZXN1bHRzIG9iamVjdCAoMikmZ3Q7LCAmbHQ7UmVzdWx0czogUmVzdWx0cyBvYmplY3QgKDMpJmd0OywgJmx0O1Jlc3VsdHM6IFJlc3VsdHMgb2JqZWN0ICg2KSZndDssICZsdDtSZXN1bHRzOiBSZXN1bHRzIG9iamVjdCAoNykmZ3Q7LCAmbHQ7UmVzdWx0czogUmVzdWx0cyBvYmplY3QgKDgpJmd0O10mZ3Q7PC9hPlxcXCIgXFx1MDQzMVxcdTA0NDNcXHUwNDNiXFx1MDQzZSBcXHUwNDM3XFx1MDQzY1xcdTA0NTZcXHUwNDNkXFx1MDQzNVxcdTA0M2RcXHUwNDNlIFxcdTA0NDNcXHUwNDQxXFx1MDQzZlxcdTA0NTZcXHUwNDQ4XFx1MDQzZFxcdTA0M2UuXCJdLFtcIl9fanNvbl9tZXNzYWdlXCIsMSwyNSxcIlxcdTA0NDBcXHUwNDM1XFx1MDQzOVxcdTA0NDJcXHUwNDM4XFx1MDQzZFxcdTA0MzMgXFxcIjxhIGhyZWY9XFxcIi9hZG1pbi9nYW1lL3Jlc3VsdHMvXFxcIj4mbHQ7UXVlcnlTZXQgWyZsdDtSZXN1bHRzOiBSZXN1bHRzIG9iamVjdCAoNSkmZ3Q7LCAmbHQ7UmVzdWx0czogUmVzdWx0cyBvYmplY3QgKDIpJmd0OywgJmx0O1Jlc3VsdHM6IFJlc3VsdHMgb2JqZWN0ICgzKSZndDssICZsdDtSZXN1bHRzOiBSZXN1bHRzIG9iamVjdCAoNikmZ3Q7LCAmbHQ7UmVzdWx0czogUmVzdWx0cyBvYmplY3QgKDcpJmd0OywgJmx0O1Jlc3VsdHM6IFJlc3VsdHMgb2JqZWN0ICg4KSZndDtdJmd0OzwvYT5cXFwiIFxcdTA0MzFcXHUwNDQzXFx1MDQzYlxcdTA0M2UgXFx1MDQzN1xcdTA0M2NcXHUwNDU2XFx1MDQzZFxcdTA0MzVcXHUwNDNkXFx1MDQzZSBcXHUwNDQzXFx1MDQ0MVxcdTA0M2ZcXHUwNDU2XFx1MDQ0OFxcdTA0M2RcXHUwNDNlLlwiXSxbXCJfX2pzb25fbWVzc2FnZVwiLDEsMjUsXCJcXHUwNDQwXFx1MDQzNVxcdTA0MzlcXHUwNDQyXFx1MDQzOFxcdTA0M2RcXHUwNDMzIFxcXCI8YSBocmVmPVxcXCIvYWRtaW4vZ2FtZS9yZXN1bHRzL1xcXCI+Jmx0O1F1ZXJ5U2V0IFsmbHQ7UmVzdWx0czogUmVzdWx0cyBvYmplY3QgKDUpJmd0OywgJmx0O1Jlc3VsdHM6IFJlc3VsdHMgb2JqZWN0ICgyKSZndDssICZsdDtSZXN1bHRzOiBSZXN1bHRzIG9iamVjdCAoMykmZ3Q7LCAmbHQ7UmVzdWx0czogUmVzdWx0cyBvYmplY3QgKDYpJmd0OywgJmx0O1Jlc3VsdHM6IFJlc3VsdHMgb2JqZWN0ICg3KSZndDssICZsdDtSZXN1bHRzOiBSZXN1bHRzIG9iamVjdCAoOCkmZ3Q7XSZndDs8L2E+XFxcIiBcXHUwNDMxXFx1MDQ0M1xcdTA0M2JcXHUwNDNlIFxcdTA0MzdcXHUwNDNjXFx1MDQ1NlxcdTA0M2RcXHUwNDM1XFx1MDQzZFxcdTA0M2UgXFx1MDQ0M1xcdTA0NDFcXHUwNDNmXFx1MDQ1NlxcdTA0NDhcXHUwNDNkXFx1MDQzZS5cIl0sW1wiX19qc29uX21lc3NhZ2VcIiwxLDI1LFwiXFx1MDQ0MFxcdTA0MzVcXHUwNDM5XFx1MDQ0MlxcdTA0MzhcXHUwNDNkXFx1MDQzMyBcXFwiPGEgaHJlZj1cXFwiL2FkbWluL2dhbWUvcmVzdWx0cy9cXFwiPiZsdDtRdWVyeVNldCBbJmx0O1Jlc3VsdHM6IFJlc3VsdHMgb2JqZWN0ICg1KSZndDssICZsdDtSZXN1bHRzOiBSZXN1bHRzIG9iamVjdCAoMikmZ3Q7LCAmbHQ7UmVzdWx0czogUmVzdWx0cyBvYmplY3QgKDMpJmd0OywgJmx0O1Jlc3VsdHM6IFJlc3VsdHMgb2JqZWN0ICg2KSZndDssICZsdDtSZXN1bHRzOiBSZXN1bHRzIG9iamVjdCAoNykmZ3Q7LCAmbHQ7UmVzdWx0czogUmVzdWx0cyBvYmplY3QgKDgpJmd0O10mZ3Q7PC9hPlxcXCIgXFx1MDQzMVxcdTA0NDNcXHUwNDNiXFx1MDQzZSBcXHUwNDM3XFx1MDQzY1xcdTA0NTZcXHUwNDNkXFx1MDQzNVxcdTA0M2RcXHUwNDNlIFxcdTA0NDNcXHUwNDQxXFx1MDQzZlxcdTA0NTZcXHUwNDQ4XFx1MDQzZFxcdTA0M2UuXCJdLFtcIl9fanNvbl9tZXNzYWdlXCIsMSwyNSxcIlxcdTA0NDBcXHUwNDM1XFx1MDQzOVxcdTA0NDJcXHUwNDM4XFx1MDQzZFxcdTA0MzMgXFxcIjxhIGhyZWY9XFxcIi9hZG1pbi9nYW1lL3Jlc3VsdHMvXFxcIj4mbHQ7UXVlcnlTZXQgWyZsdDtSZXN1bHRzOiBSZXN1bHRzIG9iamVjdCAoNSkmZ3Q7LCAmbHQ7UmVzdWx0czogUmVzdWx0cyBvYmplY3QgKDIpJmd0OywgJmx0O1Jlc3VsdHM6IFJlc3VsdHMgb2JqZWN0ICgzKSZndDssICZsdDtSZXN1bHRzOiBSZXN1bHRzIG9iamVjdCAoNikmZ3Q7LCAmbHQ7UmVzdWx0czogUmVzdWx0cyBvYmplY3QgKDcpJmd0OywgJmx0O1Jlc3VsdHM6IFJlc3VsdHMgb2JqZWN0ICg4KSZndDtdJmd0OzwvYT5cXFwiIFxcdTA0MzFcXHUwNDQzXFx1MDQzYlxcdTA0M2UgXFx1MDQzN1xcdTA0M2NcXHUwNDU2XFx1MDQzZFxcdTA0MzVcXHUwNDNkXFx1MDQzZSBcXHUwNDQzXFx1MDQ0MVxcdTA0M2ZcXHUwNDU2XFx1MDQ0OFxcdTA0M2RcXHUwNDNlLlwiXSxbXCJfX2pzb25fbWVzc2FnZVwiLDEsMjUsXCJcXHUwNDQwXFx1MDQzNVxcdTA0MzlcXHUwNDQyXFx1MDQzOFxcdTA0M2RcXHUwNDMzIFxcXCI8YSBocmVmPVxcXCIvYWRtaW4vZ2FtZS9yZXN1bHRzL1xcXCI+Jmx0O1F1ZXJ5U2V0IFsmbHQ7UmVzdWx0czogUmVzdWx0cyBvYmplY3QgKDUpJmd0OywgJmx0O1Jlc3VsdHM6IFJlc3VsdHMgb2JqZWN0ICgyKSZndDssICZsdDtSZXN1bHRzOiBSZXN1bHRzIG9iamVjdCAoMykmZ3Q7LCAmbHQ7UmVzdWx0czogUmVzdWx0cyBvYmplY3QgKDYpJmd0OywgJmx0O1Jlc3VsdHM6IFJlc3VsdHMgb2JqZWN0ICg3KSZndDssICZsdDtSZXN1bHRzOiBSZXN1bHRzIG9iamVjdCAoOCkmZ3Q7XSZndDs8L2E+XFxcIiBcXHUwNDMxXFx1MDQ0M1xcdTA0M2JcXHUwNDNlIFxcdTA0MzdcXHUwNDNjXFx1MDQ1NlxcdTA0M2RcXHUwNDM1XFx1MDQzZFxcdTA0M2UgXFx1MDQ0M1xcdTA0NDFcXHUwNDNmXFx1MDQ1NlxcdTA0NDhcXHUwNDNkXFx1MDQzZS5cIl0sW1wiX19qc29uX21lc3NhZ2VcIiwxLDI1LFwiXFx1MDQ0MFxcdTA0MzVcXHUwNDM5XFx1MDQ0MlxcdTA0MzhcXHUwNDNkXFx1MDQzMyBcXFwiPGEgaHJlZj1cXFwiL2FkbWluL2dhbWUvcmVzdWx0cy9cXFwiPiZsdDtRdWVyeVNldCBbJmx0O1Jlc3VsdHM6IFJlc3VsdHMgb2JqZWN0ICg1KSZndDssICZsdDtSZXN1bHRzOiBSZXN1bHRzIG9iamVjdCAoMikmZ3Q7LCAmbHQ7UmVzdWx0czogUmVzdWx0cyBvYmplY3QgKDMpJmd0OywgJmx0O1Jlc3VsdHM6IFJlc3VsdHMgb2JqZWN0ICg2KSZndDssICZsdDtSZXN1bHRzOiBSZXN1bHRzIG9iamVjdCAoNykmZ3Q7LCAmbHQ7UmVzdWx0czogUmVzdWx0cyBvYmplY3QgKDgpJmd0O10mZ3Q7PC9hPlxcXCIgXFx1MDQzMVxcdTA0NDNcXHUwNDNiXFx1MDQzZSBcXHUwNDM3XFx1MDQzY1xcdTA0NTZcXHUwNDNkXFx1MDQzNVxcdTA0M2RcXHUwNDNlIFxcdTA0NDNcXHUwNDQxXFx1MDQzZlxcdTA0NTZcXHUwNDQ4XFx1MDQzZFxcdTA0M2UuXCJdLFtcIl9fanNvbl9tZXNzYWdlXCIsMSwyNSxcIlxcdTA0NDBcXHUwNDM1XFx1MDQzOVxcdTA0NDJcXHUwNDM4XFx1MDQzZFxcdTA0MzMgXFxcIjxhIGhyZWY9XFxcIi9hZG1pbi9nYW1lL3Jlc3VsdHMvXFxcIj4mbHQ7UXVlcnlTZXQgWyZsdDtSZXN1bHRzOiBSZXN1bHRzIG9iamVjdCAoNSkmZ3Q7LCAmbHQ7UmVzdWx0czogUmVzdWx0cyBvYmplY3QgKDIpJmd0OywgJmx0O1Jlc3VsdHM6IFJlc3VsdHMgb2JqZWN0ICgzKSZndDssICZsdDtSZXN1bHRzOiBSZXN1bHRzIG9iamVjdCAoNikmZ3Q7LCAmbHQ7UmVzdWx0czogUmVzdWx0cyBvYmplY3QgKDcpJmd0OywgJmx0O1Jlc3VsdHM6IFJlc3VsdHMgb2JqZWN0ICg4KSZndDtdJmd0OzwvYT5cXFwiIFxcdTA0MzFcXHUwNDQzXFx1MDQzYlxcdTA0M2UgXFx1MDQzN1xcdTA0M2NcXHUwNDU2XFx1MDQzZFxcdTA0MzVcXHUwNDNkXFx1MDQzZSBcXHUwNDQzXFx1MDQ0MVxcdTA0M2ZcXHUwNDU2XFx1MDQ0OFxcdTA0M2RcXHUwNDNlLlwiXSxbXCJfX2pzb25fbWVzc2FnZVwiLDEsMjUsXCJcXHUwNDQwXFx1MDQzNVxcdTA0MzlcXHUwNDQyXFx1MDQzOFxcdTA0M2RcXHUwNDMzIFxcXCI8YSBocmVmPVxcXCIvYWRtaW4vZ2FtZS9yZXN1bHRzL1xcXCI+Jmx0O1F1ZXJ5U2V0IFsmbHQ7UmVzdWx0czogUmVzdWx0cyBvYmplY3QgKDUpJmd0OywgJmx0O1Jlc3VsdHM6IFJlc3VsdHMgb2JqZWN0ICgyKSZndDssICZsdDtSZXN1bHRzOiBSZXN1bHRzIG9iamVjdCAoMykmZ3Q7LCAmbHQ7UmVzdWx0czogUmVzdWx0cyBvYmplY3QgKDYpJmd0OywgJmx0O1Jlc3VsdHM6IFJlc3VsdHMgb2JqZWN0ICg3KSZndDssICZsdDtSZXN1bHRzOiBSZXN1bHRzIG9iamVjdCAoOCkmZ3Q7XSZndDs8L2E+XFxcIiBcXHUwNDMxXFx1MDQ0M1xcdTA0M2JcXHUwNDNlIFxcdTA0MzdcXHUwNDNjXFx1MDQ1NlxcdTA0M2RcXHUwNDM1XFx1MDQzZFxcdTA0M2UgXFx1MDQ0M1xcdTA0NDFcXHUwNDNmXFx1MDQ1NlxcdTA0NDhcXHUwNDNkXFx1MDQzZS5cIl0sW1wiX19qc29uX21lc3NhZ2VcIiwxLDI1LFwiXFx1MDQ0MFxcdTA0MzVcXHUwNDM5XFx1MDQ0MlxcdTA0MzhcXHUwNDNkXFx1MDQzMyBcXFwiPGEgaHJlZj1cXFwiL2FkbWluL2dhbWUvcmVzdWx0cy9cXFwiPiZsdDtRdWVyeVNldCBbJmx0O1Jlc3VsdHM6IFJlc3VsdHMgb2JqZWN0ICg1KSZndDssICZsdDtSZXN1bHRzOiBSZXN1bHRzIG9iamVjdCAoMikmZ3Q7LCAmbHQ7UmVzdWx0czogUmVzdWx0cyBvYmplY3QgKDMpJmd0OywgJmx0O1Jlc3VsdHM6IFJlc3VsdHMgb2JqZWN0ICg2KSZndDssICZsdDtSZXN1bHRzOiBSZXN1bHRzIG9iamVjdCAoNykmZ3Q7LCAmbHQ7UmVzdWx0czogUmVzdWx0cyBvYmplY3QgKDgpJmd0O10mZ3Q7PC9hPlxcXCIgXFx1MDQzMVxcdTA0NDNcXHUwNDNiXFx1MDQzZSBcXHUwNDM3XFx1MDQzY1xcdTA0NTZcXHUwNDNkXFx1MDQzNVxcdTA0M2RcXHUwNDNlIFxcdTA0NDNcXHUwNDQxXFx1MDQzZlxcdTA0NTZcXHUwNDQ4XFx1MDQzZFxcdTA0M2UuXCJdLFtcIl9fanNvbl9tZXNzYWdlXCIsMSwyNSxcIlxcdTA0NDBcXHUwNDM1XFx1MDQzOVxcdTA0NDJcXHUwNDM4XFx1MDQzZFxcdTA0MzMgXFxcIjxhIGhyZWY9XFxcIi9hZG1pbi9nYW1lL3Jlc3VsdHMvXFxcIj4mbHQ7UXVlcnlTZXQgWyZsdDtSZXN1bHRzOiBSZXN1bHRzIG9iamVjdCAoNSkmZ3Q7LCAmbHQ7UmVzdWx0czogUmVzdWx0cyBvYmplY3QgKDIpJmd0OywgJmx0O1Jlc3VsdHM6IFJlc3VsdHMgb2JqZWN0ICgzKSZndDssICZsdDtSZXN1bHRzOiBSZXN1bHRzIG9iamVjdCAoNikmZ3Q7LCAmbHQ7UmVzdWx0czogUmVzdWx0cyBvYmplY3QgKDcpJmd0OywgJmx0O1Jlc3VsdHM6IFJlc3VsdHMgb2JqZWN0ICg4KSZndDtdJmd0OzwvYT5cXFwiIFxcdTA0MzFcXHUwNDQzXFx1MDQzYlxcdTA0M2UgXFx1MDQzN1xcdTA0M2NcXHUwNDU2XFx1MDQzZFxcdTA0MzVcXHUwNDNkXFx1MDQzZSBcXHUwNDQzXFx1MDQ0MVxcdTA0M2ZcXHUwNDU2XFx1MDQ0OFxcdTA0M2RcXHUwNDNlLlwiXSxbXCJfX2pzb25fbWVzc2FnZVwiLDEsMjUsXCJcXHUwNDQwXFx1MDQzNVxcdTA0MzlcXHUwNDQyXFx1MDQzOFxcdTA0M2RcXHUwNDMzIFxcXCI8YSBocmVmPVxcXCIvYWRtaW4vZ2FtZS9yZXN1bHRzL1xcXCI+Jmx0O1F1ZXJ5U2V0IFsmbHQ7UmVzdWx0czogUmVzdWx0cyBvYmplY3QgKDUpJmd0OywgJmx0O1Jlc3VsdHM6IFJlc3VsdHMgb2JqZWN0ICgyKSZndDssICZsdDtSZXN1bHRzOiBSZXN1bHRzIG9iamVjdCAoMykmZ3Q7LCAmbHQ7UmVzdWx0czogUmVzdWx0cyBvYmplY3QgKDYpJmd0OywgJmx0O1Jlc3VsdHM6IFJlc3VsdHMgb2JqZWN0ICg3KSZndDssICZsdDtSZXN1bHRzOiBSZXN1bHRzIG9iamVjdCAoOCkmZ3Q7XSZndDs8L2E+XFxcIiBcXHUwNDMxXFx1MDQ0M1xcdTA0M2JcXHUwNDNlIFxcdTA0MzdcXHUwNDNjXFx1MDQ1NlxcdTA0M2RcXHUwNDM1XFx1MDQzZFxcdTA0M2UgXFx1MDQ0M1xcdTA0NDFcXHUwNDNmXFx1MDQ1NlxcdTA0NDhcXHUwNDNkXFx1MDQzZS5cIl0sW1wiX19qc29uX21lc3NhZ2VcIiwxLDI1LFwiXFx1MDQ0MFxcdTA0MzVcXHUwNDM5XFx1MDQ0MlxcdTA0MzhcXHUwNDNkXFx1MDQzMyBcXFwiPGEgaHJlZj1cXFwiL2FkbWluL2dhbWUvcmVzdWx0cy9cXFwiPiZsdDtRdWVyeVNldCBbJmx0O1Jlc3VsdHM6IFJlc3VsdHMgb2JqZWN0ICg1KSZndDssICZsdDtSZXN1bHRzOiBSZXN1bHRzIG9iamVjdCAoMikmZ3Q7LCAmbHQ7UmVzdWx0czogUmVzdWx0cyBvYmplY3QgKDMpJmd0OywgJmx0O1Jlc3VsdHM6IFJlc3VsdHMgb2JqZWN0ICg2KSZndDssICZsdDtSZXN1bHRzOiBSZXN1bHRzIG9iamVjdCAoNykmZ3Q7LCAmbHQ7UmVzdWx0czogUmVzdWx0cyBvYmplY3QgKDgpJmd0O10mZ3Q7PC9hPlxcXCIgXFx1MDQzMVxcdTA0NDNcXHUwNDNiXFx1MDQzZSBcXHUwNDM3XFx1MDQzY1xcdTA0NTZcXHUwNDNkXFx1MDQzNVxcdTA0M2RcXHUwNDNlIFxcdTA0NDNcXHUwNDQxXFx1MDQzZlxcdTA0NTZcXHUwNDQ4XFx1MDQzZFxcdTA0M2UuXCJdLFtcIl9fanNvbl9tZXNzYWdlXCIsMSwyNSxcIlxcdTA0NDBcXHUwNDM1XFx1MDQzOVxcdTA0NDJcXHUwNDM4XFx1MDQzZFxcdTA0MzMgXFxcIjxhIGhyZWY9XFxcIi9hZG1pbi9nYW1lL3Jlc3VsdHMvXFxcIj4mbHQ7UXVlcnlTZXQgWyZsdDtSZXN1bHRzOiBSZXN1bHRzIG9iamVjdCAoNSkmZ3Q7LCAmbHQ7UmVzdWx0czogUmVzdWx0cyBvYmplY3QgKDIpJmd0OywgJmx0O1Jlc3VsdHM6IFJlc3VsdHMgb2JqZWN0ICgzKSZndDssICZsdDtSZXN1bHRzOiBSZXN1bHRzIG9iamVjdCAoNikmZ3Q7LCAmbHQ7UmVzdWx0czogUmVzdWx0cyBvYmplY3QgKDcpJmd0OywgJmx0O1Jlc3VsdHM6IFJlc3VsdHMgb2JqZWN0ICg4KSZndDtdJmd0OzwvYT5cXFwiIFxcdTA0MzFcXHUwNDQzXFx1MDQzYlxcdTA0M2UgXFx1MDQzN1xcdTA0M2NcXHUwNDU2XFx1MDQzZFxcdTA0MzVcXHUwNDNkXFx1MDQzZSBcXHUwNDQzXFx1MDQ0MVxcdTA0M2ZcXHUwNDU2XFx1MDQ0OFxcdTA0M2RcXHUwNDNlLlwiXSxbXCJfX2pzb25fbWVzc2FnZVwiLDEsMjUsXCJcXHUwNDQwXFx1MDQzNVxcdTA0MzlcXHUwNDQyXFx1MDQzOFxcdTA0M2RcXHUwNDMzIFxcXCI8YSBocmVmPVxcXCIvYWRtaW4vZ2FtZS9yZXN1bHRzL1xcXCI+Jmx0O1F1ZXJ5U2V0IFsmbHQ7UmVzdWx0czogUmVzdWx0cyBvYmplY3QgKDUpJmd0OywgJmx0O1Jlc3VsdHM6IFJlc3VsdHMgb2JqZWN0ICgyKSZndDssICZsdDtSZXN1bHRzOiBSZXN1bHRzIG9iamVjdCAoMykmZ3Q7LCAmbHQ7UmVzdWx0czogUmVzdWx0cyBvYmplY3QgKDYpJmd0OywgJmx0O1Jlc3VsdHM6IFJlc3VsdHMgb2JqZWN0ICg3KSZndDssICZsdDtSZXN1bHRzOiBSZXN1bHRzIG9iamVjdCAoOCkmZ3Q7XSZndDs8L2E+XFxcIiBcXHUwNDMxXFx1MDQ0M1xcdTA0M2JcXHUwNDNlIFxcdTA0MzdcXHUwNDNjXFx1MDQ1NlxcdTA0M2RcXHUwNDM1XFx1MDQzZFxcdTA0M2UgXFx1MDQ0M1xcdTA0NDFcXHUwNDNmXFx1MDQ1NlxcdTA0NDhcXHUwNDNkXFx1MDQzZS5cIl0sW1wiX19qc29uX21lc3NhZ2VcIiwxLDI1LFwiXFx1MDQ0MFxcdTA0MzVcXHUwNDM5XFx1MDQ0MlxcdTA0MzhcXHUwNDNkXFx1MDQzMyBcXFwiPGEgaHJlZj1cXFwiL2FkbWluL2dhbWUvcmVzdWx0cy9cXFwiPiZsdDtRdWVyeVNldCBbJmx0O1Jlc3VsdHM6IFJlc3VsdHMgb2JqZWN0ICg1KSZndDssICZsdDtSZXN1bHRzOiBSZXN1bHRzIG9iamVjdCAoMikmZ3Q7LCAmbHQ7UmVzdWx0czogUmVzdWx0cyBvYmplY3QgKDMpJmd0OywgJmx0O1Jlc3VsdHM6IFJlc3VsdHMgb2JqZWN0ICg2KSZndDssICZsdDtSZXN1bHRzOiBSZXN1bHRzIG9iamVjdCAoNykmZ3Q7LCAmbHQ7UmVzdWx0czogUmVzdWx0cyBvYmplY3QgKDgpJmd0O10mZ3Q7PC9hPlxcXCIgXFx1MDQzMVxcdTA0NDNcXHUwNDNiXFx1MDQzZSBcXHUwNDM3XFx1MDQzY1xcdTA0NTZcXHUwNDNkXFx1MDQzNVxcdTA0M2RcXHUwNDNlIFxcdTA0NDNcXHUwNDQxXFx1MDQzZlxcdTA0NTZcXHUwNDQ4XFx1MDQzZFxcdTA0M2UuXCJdLFtcIl9fanNvbl9tZXNzYWdlXCIsMSwyNSxcIlxcdTA0NDBcXHUwNDM1XFx1MDQzOVxcdTA0NDJcXHUwNDM4XFx1MDQzZFxcdTA0MzMgXFxcIjxhIGhyZWY9XFxcIi9hZG1pbi9nYW1lL3Jlc3VsdHMvXFxcIj4mbHQ7UXVlcnlTZXQgWyZsdDtSZXN1bHRzOiBSZXN1bHRzIG9iamVjdCAoNSkmZ3Q7LCAmbHQ7UmVzdWx0czogUmVzdWx0cyBvYmplY3QgKDIpJmd0OywgJmx0O1Jlc3VsdHM6IFJlc3VsdHMgb2JqZWN0ICgzKSZndDssICZsdDtSZXN1bHRzOiBSZXN1bHRzIG9iamVjdCAoNikmZ3Q7LCAmbHQ7UmVzdWx0czogUmVzdWx0cyBvYmplY3QgKDcpJmd0OywgJmx0O1Jlc3VsdHM6IFJlc3VsdHMgb2JqZWN0ICg4KSZndDtdJmd0OzwvYT5cXFwiIFxcdTA0MzFcXHUwNDQzXFx1MDQzYlxcdTA0M2UgXFx1MDQzN1xcdTA0M2NcXHUwNDU2XFx1MDQzZFxcdTA0MzVcXHUwNDNkXFx1MDQzZSBcXHUwNDQzXFx1MDQ0MVxcdTA0M2ZcXHUwNDU2XFx1MDQ0OFxcdTA0M2RcXHUwNDNlLlwiXSxbXCJfX2pzb25fbWVzc2FnZVwiLDEsMjUsXCJcXHUwNDQwXFx1MDQzNVxcdTA0MzlcXHUwNDQyXFx1MDQzOFxcdTA0M2RcXHUwNDMzIFxcXCI8YSBocmVmPVxcXCIvYWRtaW4vZ2FtZS9yZXN1bHRzL1xcXCI+Jmx0O1F1ZXJ5U2V0IFsmbHQ7UmVzdWx0czogUmVzdWx0cyBvYmplY3QgKDUpJmd0OywgJmx0O1Jlc3VsdHM6IFJlc3VsdHMgb2JqZWN0ICgyKSZndDssICZsdDtSZXN1bHRzOiBSZXN1bHRzIG9iamVjdCAoMykmZ3Q7LCAmbHQ7UmVzdWx0czogUmVzdWx0cyBvYmplY3QgKDYpJmd0OywgJmx0O1Jlc3VsdHM6IFJlc3VsdHMgb2JqZWN0ICg3KSZndDssICZsdDtSZXN1bHRzOiBSZXN1bHRzIG9iamVjdCAoOCkmZ3Q7XSZndDs8L2E+XFxcIiBcXHUwNDMxXFx1MDQ0M1xcdTA0M2JcXHUwNDNlIFxcdTA0MzdcXHUwNDNjXFx1MDQ1NlxcdTA0M2RcXHUwNDM1XFx1MDQzZFxcdTA0M2UgXFx1MDQ0M1xcdTA0NDFcXHUwNDNmXFx1MDQ1NlxcdTA0NDhcXHUwNDNkXFx1MDQzZS5cIl0sW1wiX19qc29uX21lc3NhZ2VcIiwxLDI1LFwiXFx1MDQ0MFxcdTA0MzVcXHUwNDM5XFx1MDQ0MlxcdTA0MzhcXHUwNDNkXFx1MDQzMyBcXFwiPGEgaHJlZj1cXFwiL2FkbWluL2dhbWUvcmVzdWx0cy9cXFwiPiZsdDtRdWVyeVNldCBbJmx0O1Jlc3VsdHM6IFJlc3VsdHMgb2JqZWN0ICg1KSZndDssICZsdDtSZXN1bHRzOiBSZXN1bHRzIG9iamVjdCAoMikmZ3Q7LCAmbHQ7UmVzdWx0czogUmVzdWx0cyBvYmplY3QgKDMpJmd0OywgJmx0O1Jlc3VsdHM6IFJlc3VsdHMgb2JqZWN0ICg2KSZndDssICZsdDtSZXN1bHRzOiBSZXN1bHRzIG9iamVjdCAoNykmZ3Q7LCAmbHQ7UmVzdWx0czogUmVzdWx0cyBvYmplY3QgKDgpJmd0O10mZ3Q7PC9hPlxcXCIgXFx1MDQzMVxcdTA0NDNcXHUwNDNiXFx1MDQzZSBcXHUwNDM3XFx1MDQzY1xcdTA0NTZcXHUwNDNkXFx1MDQzNVxcdTA0M2RcXHUwNDNlIFxcdTA0NDNcXHUwNDQxXFx1MDQzZlxcdTA0NTZcXHUwNDQ4XFx1MDQzZFxcdTA0M2UuXCJdLFtcIl9fanNvbl9tZXNzYWdlXCIsMSwyNSxcIlxcdTA0NDBcXHUwNDM1XFx1MDQzOVxcdTA0NDJcXHUwNDM4XFx1MDQzZFxcdTA0MzMgXFxcIjxhIGhyZWY9XFxcIi9hZG1pbi9nYW1lL3Jlc3VsdHMvXFxcIj4mbHQ7UXVlcnlTZXQgWyZsdDtSZXN1bHRzOiBSZXN1bHRzIG9iamVjdCAoNSkmZ3Q7LCAmbHQ7UmVzdWx0czogUmVzdWx0cyBvYmplY3QgKDIpJmd0OywgJmx0O1Jlc3VsdHM6IFJlc3VsdHMgb2JqZWN0ICgzKSZndDssICZsdDtSZXN1bHRzOiBSZXN1bHRzIG9iamVjdCAoNikmZ3Q7LCAmbHQ7UmVzdWx0czogUmVzdWx0cyBvYmplY3QgKDcpJmd0OywgJmx0O1Jlc3VsdHM6IFJlc3VsdHMgb2JqZWN0ICg4KSZndDtdJmd0OzwvYT5cXFwiIFxcdTA0MzFcXHUwNDQzXFx1MDQzYlxcdTA0M2UgXFx1MDQzN1xcdTA0M2NcXHUwNDU2XFx1MDQzZFxcdTA0MzVcXHUwNDNkXFx1MDQzZSBcXHUwNDQzXFx1MDQ0MVxcdTA0M2ZcXHUwNDU2XFx1MDQ0OFxcdTA0M2RcXHUwNDNlLlwiXSxbXCJfX2pzb25fbWVzc2FnZVwiLDEsMjUsXCJcXHUwNDQwXFx1MDQzNVxcdTA0MzlcXHUwNDQyXFx1MDQzOFxcdTA0M2RcXHUwNDMzIFxcXCI8YSBocmVmPVxcXCIvYWRtaW4vZ2FtZS9yZXN1bHRzL1xcXCI+Jmx0O1F1ZXJ5U2V0IFsmbHQ7UmVzdWx0czogUmVzdWx0cyBvYmplY3QgKDUpJmd0OywgJmx0O1Jlc3VsdHM6IFJlc3VsdHMgb2JqZWN0ICgyKSZndDssICZsdDtSZXN1bHRzOiBSZXN1bHRzIG9iamVjdCAoMykmZ3Q7LCAmbHQ7UmVzdWx0czogUmVzdWx0cyBvYmplY3QgKDYpJmd0OywgJmx0O1Jlc3VsdHM6IFJlc3VsdHMgb2JqZWN0ICg3KSZndDssICZsdDtSZXN1bHRzOiBSZXN1bHRzIG9iamVjdCAoOCkmZ3Q7XSZndDs8L2E+XFxcIiBcXHUwNDMxXFx1MDQ0M1xcdTA0M2JcXHUwNDNlIFxcdTA0MzdcXHUwNDNjXFx1MDQ1NlxcdTA0M2RcXHUwNDM1XFx1MDQzZFxcdTA0M2UgXFx1MDQ0M1xcdTA0NDFcXHUwNDNmXFx1MDQ1NlxcdTA0NDhcXHUwNDNkXFx1MDQzZS5cIl0sW1wiX19qc29uX21lc3NhZ2VcIiwxLDI1LFwiXFx1MDQ0MFxcdTA0MzVcXHUwNDM5XFx1MDQ0MlxcdTA0MzhcXHUwNDNkXFx1MDQzMyBcXFwiPGEgaHJlZj1cXFwiL2FkbWluL2dhbWUvcmVzdWx0cy9cXFwiPiZsdDtRdWVyeVNldCBbJmx0O1Jlc3VsdHM6IFJlc3VsdHMgb2JqZWN0ICg1KSZndDssICZsdDtSZXN1bHRzOiBSZXN1bHRzIG9iamVjdCAoMikmZ3Q7LCAmbHQ7UmVzdWx0czogUmVzdWx0cyBvYmplY3QgKDMpJmd0OywgJmx0O1Jlc3VsdHM6IFJlc3VsdHMgb2JqZWN0ICg2KSZndDssICZsdDtSZXN1bHRzOiBSZXN1bHRzIG9iamVjdCAoNykmZ3Q7LCAmbHQ7UmVzdWx0czogUmVzdWx0cyBvYmplY3QgKDgpJmd0O10mZ3Q7PC9hPlxcXCIgXFx1MDQzMVxcdTA0NDNcXHUwNDNiXFx1MDQzZSBcXHUwNDM3XFx1MDQzY1xcdTA0NTZcXHUwNDNkXFx1MDQzNVxcdTA0M2RcXHUwNDNlIFxcdTA0NDNcXHUwNDQxXFx1MDQzZlxcdTA0NTZcXHUwNDQ4XFx1MDQzZFxcdTA0M2UuXCJdLFtcIl9fanNvbl9tZXNzYWdlXCIsMSwyNSxcIlxcdTA0NDBcXHUwNDM1XFx1MDQzOVxcdTA0NDJcXHUwNDM4XFx1MDQzZFxcdTA0MzMgXFxcIjxhIGhyZWY9XFxcIi9hZG1pbi9nYW1lL3Jlc3VsdHMvXFxcIj4mbHQ7UXVlcnlTZXQgWyZsdDtSZXN1bHRzOiBSZXN1bHRzIG9iamVjdCAoNSkmZ3Q7LCAmbHQ7UmVzdWx0czogUmVzdWx0cyBvYmplY3QgKDIpJmd0OywgJmx0O1Jlc3VsdHM6IFJlc3VsdHMgb2JqZWN0ICgzKSZndDssICZsdDtSZXN1bHRzOiBSZXN1bHRzIG9iamVjdCAoNikmZ3Q7LCAmbHQ7UmVzdWx0czogUmVzdWx0cyBvYmplY3QgKDcpJmd0OywgJmx0O1Jlc3VsdHM6IFJlc3VsdHMgb2JqZWN0ICg4KSZndDtdJmd0OzwvYT5cXFwiIFxcdTA0MzFcXHUwNDQzXFx1MDQzYlxcdTA0M2UgXFx1MDQzN1xcdTA0M2NcXHUwNDU2XFx1MDQzZFxcdTA0MzVcXHUwNDNkXFx1MDQzZSBcXHUwNDQzXFx1MDQ0MVxcdTA0M2ZcXHUwNDU2XFx1MDQ0OFxcdTA0M2RcXHUwNDNlLlwiXSxbXCJfX2pzb25fbWVzc2FnZVwiLDEsMjUsXCJcXHUwNDQwXFx1MDQzNVxcdTA0MzlcXHUwNDQyXFx1MDQzOFxcdTA0M2RcXHUwNDMzIFxcXCI8YSBocmVmPVxcXCIvYWRtaW4vZ2FtZS9yZXN1bHRzL1xcXCI+Jmx0O1F1ZXJ5U2V0IFsmbHQ7UmVzdWx0czogUmVzdWx0cyBvYmplY3QgKDUpJmd0OywgJmx0O1Jlc3VsdHM6IFJlc3VsdHMgb2JqZWN0ICgyKSZndDssICZsdDtSZXN1bHRzOiBSZXN1bHRzIG9iamVjdCAoMykmZ3Q7LCAmbHQ7UmVzdWx0czogUmVzdWx0cyBvYmplY3QgKDYpJmd0OywgJmx0O1Jlc3VsdHM6IFJlc3VsdHMgb2JqZWN0ICg3KSZndDssICZsdDtSZXN1bHRzOiBSZXN1bHRzIG9iamVjdCAoOCkmZ3Q7XSZndDs8L2E+XFxcIiBcXHUwNDMxXFx1MDQ0M1xcdTA0M2JcXHUwNDNlIFxcdTA0MzdcXHUwNDNjXFx1MDQ1NlxcdTA0M2RcXHUwNDM1XFx1MDQzZFxcdTA0M2UgXFx1MDQ0M1xcdTA0NDFcXHUwNDNmXFx1MDQ1NlxcdTA0NDhcXHUwNDNkXFx1MDQzZS5cIl0sW1wiX19qc29uX21lc3NhZ2VcIiwxLDI1LFwiXFx1MDQ0MFxcdTA0MzVcXHUwNDM5XFx1MDQ0MlxcdTA0MzhcXHUwNDNkXFx1MDQzMyBcXFwiPGEgaHJlZj1cXFwiL2FkbWluL2dhbWUvcmVzdWx0cy9cXFwiPiZsdDtRdWVyeVNldCBbJmx0O1Jlc3VsdHM6IFJlc3VsdHMgb2JqZWN0ICg1KSZndDssICZsdDtSZXN1bHRzOiBSZXN1bHRzIG9iamVjdCAoMikmZ3Q7LCAmbHQ7UmVzdWx0czogUmVzdWx0cyBvYmplY3QgKDMpJmd0OywgJmx0O1Jlc3VsdHM6IFJlc3VsdHMgb2JqZWN0ICg2KSZndDssICZsdDtSZXN1bHRzOiBSZXN1bHRzIG9iamVjdCAoNykmZ3Q7LCAmbHQ7UmVzdWx0czogUmVzdWx0cyBvYmplY3QgKDgpJmd0O10mZ3Q7PC9hPlxcXCIgXFx1MDQzMVxcdTA0NDNcXHUwNDNiXFx1MDQzZSBcXHUwNDM3XFx1MDQzY1xcdTA0NTZcXHUwNDNkXFx1MDQzNVxcdTA0M2RcXHUwNDNlIFxcdTA0NDNcXHUwNDQxXFx1MDQzZlxcdTA0NTZcXHUwNDQ4XFx1MDQzZFxcdTA0M2UuXCJdLFtcIl9fanNvbl9tZXNzYWdlXCIsMSwyNSxcIlxcdTA0NDBcXHUwNDM1XFx1MDQzOVxcdTA0NDJcXHUwNDM4XFx1MDQzZFxcdTA0MzMgXFxcIjxhIGhyZWY9XFxcIi9hZG1pbi9nYW1lL3Jlc3VsdHMvXFxcIj4mbHQ7UXVlcnlTZXQgWyZsdDtSZXN1bHRzOiBSZXN1bHRzIG9iamVjdCAoNSkmZ3Q7LCAmbHQ7UmVzdWx0czogUmVzdWx0cyBvYmplY3QgKDIpJmd0OywgJmx0O1Jlc3VsdHM6IFJlc3VsdHMgb2JqZWN0ICgzKSZndDssICZsdDtSZXN1bHRzOiBSZXN1bHRzIG9iamVjdCAoNikmZ3Q7LCAmbHQ7UmVzdWx0czogUmVzdWx0cyBvYmplY3QgKDcpJmd0OywgJmx0O1Jlc3VsdHM6IFJlc3VsdHMgb2JqZWN0ICg4KSZndDtdJmd0OzwvYT5cXFwiIFxcdTA0MzFcXHUwNDQzXFx1MDQzYlxcdTA0M2UgXFx1MDQzN1xcdTA0M2NcXHUwNDU2XFx1MDQzZFxcdTA0MzVcXHUwNDNkXFx1MDQzZSBcXHUwNDQzXFx1MDQ0MVxcdTA0M2ZcXHUwNDU2XFx1MDQ0OFxcdTA0M2RcXHUwNDNlLlwiXSxbXCJfX2pzb25fbWVzc2FnZVwiLDEsMjUsXCJcXHUwNDQwXFx1MDQzNVxcdTA0MzlcXHUwNDQyXFx1MDQzOFxcdTA0M2RcXHUwNDMzIFxcXCI8YSBocmVmPVxcXCIvYWRtaW4vZ2FtZS9yZXN1bHRzL1xcXCI+Jmx0O1F1ZXJ5U2V0IFsmbHQ7UmVzdWx0czogUmVzdWx0cyBvYmplY3QgKDUpJmd0OywgJmx0O1Jlc3VsdHM6IFJlc3VsdHMgb2JqZWN0ICgyKSZndDssICZsdDtSZXN1bHRzOiBSZXN1bHRzIG9iamVjdCAoMykmZ3Q7LCAmbHQ7UmVzdWx0czogUmVzdWx0cyBvYmplY3QgKDYpJmd0OywgJmx0O1Jlc3VsdHM6IFJlc3VsdHMgb2JqZWN0ICg3KSZndDssICZsdDtSZXN1bHRzOiBSZXN1bHRzIG9iamVjdCAoOCkmZ3Q7XSZndDs8L2E+XFxcIiBcXHUwNDMxXFx1MDQ0M1xcdTA0M2JcXHUwNDNlIFxcdTA0MzdcXHUwNDNjXFx1MDQ1NlxcdTA0M2RcXHUwNDM1XFx1MDQzZFxcdTA0M2UgXFx1MDQ0M1xcdTA0NDFcXHUwNDNmXFx1MDQ1NlxcdTA0NDhcXHUwNDNkXFx1MDQzZS5cIl0sW1wiX19qc29uX21lc3NhZ2VcIiwxLDI1LFwiXFx1MDQ0MFxcdTA0MzVcXHUwNDM5XFx1MDQ0MlxcdTA0MzhcXHUwNDNkXFx1MDQzMyBcXFwiPGEgaHJlZj1cXFwiL2FkbWluL2dhbWUvcmVzdWx0cy9cXFwiPiZsdDtRdWVyeVNldCBbJmx0O1Jlc3VsdHM6IFJlc3VsdHMgb2JqZWN0ICg1KSZndDssICZsdDtSZXN1bHRzOiBSZXN1bHRzIG9iamVjdCAoMikmZ3Q7LCAmbHQ7UmVzdWx0czogUmVzdWx0cyBvYmplY3QgKDMpJmd0OywgJmx0O1Jlc3VsdHM6IFJlc3VsdHMgb2JqZWN0ICg2KSZndDssICZsdDtSZXN1bHRzOiBSZXN1bHRzIG9iamVjdCAoNykmZ3Q7LCAmbHQ7UmVzdWx0czogUmVzdWx0cyBvYmplY3QgKDgpJmd0O10mZ3Q7PC9hPlxcXCIgXFx1MDQzMVxcdTA0NDNcXHUwNDNiXFx1MDQzZSBcXHUwNDM3XFx1MDQzY1xcdTA0NTZcXHUwNDNkXFx1MDQzNVxcdTA0M2RcXHUwNDNlIFxcdTA0NDNcXHUwNDQxXFx1MDQzZlxcdTA0NTZcXHUwNDQ4XFx1MDQzZFxcdTA0M2UuXCJdLFtcIl9fanNvbl9tZXNzYWdlXCIsMSwyNSxcIlxcdTA0NDBcXHUwNDM1XFx1MDQzOVxcdTA0NDJcXHUwNDM4XFx1MDQzZFxcdTA0MzMgXFxcIjxhIGhyZWY9XFxcIi9hZG1pbi9nYW1lL3Jlc3VsdHMvXFxcIj4mbHQ7UXVlcnlTZXQgWyZsdDtSZXN1bHRzOiBSZXN1bHRzIG9iamVjdCAoNSkmZ3Q7LCAmbHQ7UmVzdWx0czogUmVzdWx0cyBvYmplY3QgKDIpJmd0OywgJmx0O1Jlc3VsdHM6IFJlc3VsdHMgb2JqZWN0ICgzKSZndDssICZsdDtSZXN1bHRzOiBSZXN1bHRzIG9iamVjdCAoNikmZ3Q7LCAmbHQ7UmVzdWx0czogUmVzdWx0cyBvYmplY3QgKDcpJmd0OywgJmx0O1Jlc3VsdHM6IFJlc3VsdHMgb2JqZWN0ICg4KSZndDtdJmd0OzwvYT5cXFwiIFxcdTA0MzFcXHUwNDQzXFx1MDQzYlxcdTA0M2UgXFx1MDQzN1xcdTA0M2NcXHUwNDU2XFx1MDQzZFxcdTA0MzVcXHUwNDNkXFx1MDQzZSBcXHUwNDQzXFx1MDQ0MVxcdTA0M2ZcXHUwNDU2XFx1MDQ0OFxcdTA0M2RcXHUwNDNlLlwiXSxbXCJfX2pzb25fbWVzc2FnZVwiLDEsMjUsXCJcXHUwNDQwXFx1MDQzNVxcdTA0MzlcXHUwNDQyXFx1MDQzOFxcdTA0M2RcXHUwNDMzIFxcXCI8YSBocmVmPVxcXCIvYWRtaW4vZ2FtZS9yZXN1bHRzL1xcXCI+Jmx0O1F1ZXJ5U2V0IFsmbHQ7UmVzdWx0czogUmVzdWx0cyBvYmplY3QgKDUpJmd0OywgJmx0O1Jlc3VsdHM6IFJlc3VsdHMgb2JqZWN0ICgyKSZndDssICZsdDtSZXN1bHRzOiBSZXN1bHRzIG9iamVjdCAoMykmZ3Q7LCAmbHQ7UmVzdWx0czogUmVzdWx0cyBvYmplY3QgKDYpJmd0OywgJmx0O1Jlc3VsdHM6IFJlc3VsdHMgb2JqZWN0ICg3KSZndDssICZsdDtSZXN1bHRzOiBSZXN1bHRzIG9iamVjdCAoOCkmZ3Q7XSZndDs8L2E+XFxcIiBcXHUwNDMxXFx1MDQ0M1xcdTA0M2JcXHUwNDNlIFxcdTA0MzdcXHUwNDNjXFx1MDQ1NlxcdTA0M2RcXHUwNDM1XFx1MDQzZFxcdTA0M2UgXFx1MDQ0M1xcdTA0NDFcXHUwNDNmXFx1MDQ1NlxcdTA0NDhcXHUwNDNkXFx1MDQzZS5cIl0sW1wiX19qc29uX21lc3NhZ2VcIiwxLDI1LFwiXFx1MDQ0MFxcdTA0MzVcXHUwNDM5XFx1MDQ0MlxcdTA0MzhcXHUwNDNkXFx1MDQzMyBcXFwiPGEgaHJlZj1cXFwiL2FkbWluL2dhbWUvcmVzdWx0cy9cXFwiPiZsdDtRdWVyeVNldCBbJmx0O1Jlc3VsdHM6IFJlc3VsdHMgb2JqZWN0ICg1KSZndDssICZsdDtSZXN1bHRzOiBSZXN1bHRzIG9iamVjdCAoMikmZ3Q7LCAmbHQ7UmVzdWx0czogUmVzdWx0cyBvYmplY3QgKDMpJmd0OywgJmx0O1Jlc3VsdHM6IFJlc3VsdHMgb2JqZWN0ICg2KSZndDssICZsdDtSZXN1bHRzOiBSZXN1bHRzIG9iamVjdCAoNykmZ3Q7LCAmbHQ7UmVzdWx0czogUmVzdWx0cyBvYmplY3QgKDgpJmd0O10mZ3Q7PC9hPlxcXCIgXFx1MDQzMVxcdTA0NDNcXHUwNDNiXFx1MDQzZSBcXHUwNDM3XFx1MDQzY1xcdTA0NTZcXHUwNDNkXFx1MDQzNVxcdTA0M2RcXHUwNDNlIFxcdTA0NDNcXHUwNDQxXFx1MDQzZlxcdTA0NTZcXHUwNDQ4XFx1MDQzZFxcdTA0M2UuXCJdLFtcIl9fanNvbl9tZXNzYWdlXCIsMSwyNSxcIlxcdTA0NDBcXHUwNDM1XFx1MDQzOVxcdTA0NDJcXHUwNDM4XFx1MDQzZFxcdTA0MzMgXFxcIjxhIGhyZWY9XFxcIi9hZG1pbi9nYW1lL3Jlc3VsdHMvXFxcIj4mbHQ7UXVlcnlTZXQgWyZsdDtSZXN1bHRzOiBSZXN1bHRzIG9iamVjdCAoNSkmZ3Q7LCAmbHQ7UmVzdWx0czogUmVzdWx0cyBvYmplY3QgKDIpJmd0OywgJmx0O1Jlc3VsdHM6IFJlc3VsdHMgb2JqZWN0ICgzKSZndDssICZsdDtSZXN1bHRzOiBSZXN1bHRzIG9iamVjdCAoNikmZ3Q7LCAmbHQ7UmVzdWx0czogUmVzdWx0cyBvYmplY3QgKDcpJmd0OywgJmx0O1Jlc3VsdHM6IFJlc3VsdHMgb2JqZWN0ICg4KSZndDtdJmd0OzwvYT5cXFwiIFxcdTA0MzFcXHUwNDQzXFx1MDQzYlxcdTA0M2UgXFx1MDQzN1xcdTA0M2NcXHUwNDU2XFx1MDQzZFxcdTA0MzVcXHUwNDNkXFx1MDQzZSBcXHUwNDQzXFx1MDQ0MVxcdTA0M2ZcXHUwNDU2XFx1MDQ0OFxcdTA0M2RcXHUwNDNlLlwiXSxbXCJfX2pzb25fbWVzc2FnZVwiLDEsMjUsXCJcXHUwNDQwXFx1MDQzNVxcdTA0MzlcXHUwNDQyXFx1MDQzOFxcdTA0M2RcXHUwNDMzIFxcXCI8YSBocmVmPVxcXCIvYWRtaW4vZ2FtZS9yZXN1bHRzL1xcXCI+Jmx0O1F1ZXJ5U2V0IFsmbHQ7UmVzdWx0czogUmVzdWx0cyBvYmplY3QgKDUpJmd0OywgJmx0O1Jlc3VsdHM6IFJlc3VsdHMgb2JqZWN0ICgyKSZndDssICZsdDtSZXN1bHRzOiBSZXN1bHRzIG9iamVjdCAoMykmZ3Q7LCAmbHQ7UmVzdWx0czogUmVzdWx0cyBvYmplY3QgKDYpJmd0OywgJmx0O1Jlc3VsdHM6IFJlc3VsdHMgb2JqZWN0ICg3KSZndDssICZsdDtSZXN1bHRzOiBSZXN1bHRzIG9iamVjdCAoOCkmZ3Q7XSZndDs8L2E+XFxcIiBcXHUwNDMxXFx1MDQ0M1xcdTA0M2JcXHUwNDNlIFxcdTA0MzdcXHUwNDNjXFx1MDQ1NlxcdTA0M2RcXHUwNDM1XFx1MDQzZFxcdTA0M2UgXFx1MDQ0M1xcdTA0NDFcXHUwNDNmXFx1MDQ1NlxcdTA0NDhcXHUwNDNkXFx1MDQzZS5cIl0sW1wiX19qc29uX21lc3NhZ2VcIiwxLDI1LFwiXFx1MDQ0MFxcdTA0MzVcXHUwNDM5XFx1MDQ0MlxcdTA0MzhcXHUwNDNkXFx1MDQzMyBcXFwiPGEgaHJlZj1cXFwiL2FkbWluL2dhbWUvcmVzdWx0cy9cXFwiPiZsdDtRdWVyeVNldCBbJmx0O1Jlc3VsdHM6IFJlc3VsdHMgb2JqZWN0ICg1KSZndDssICZsdDtSZXN1bHRzOiBSZXN1bHRzIG9iamVjdCAoMikmZ3Q7LCAmbHQ7UmVzdWx0czogUmVzdWx0cyBvYmplY3QgKDMpJmd0OywgJmx0O1Jlc3VsdHM6IFJlc3VsdHMgb2JqZWN0ICg2KSZndDssICZsdDtSZXN1bHRzOiBSZXN1bHRzIG9iamVjdCAoNykmZ3Q7LCAmbHQ7UmVzdWx0czogUmVzdWx0cyBvYmplY3QgKDgpJmd0O10mZ3Q7PC9hPlxcXCIgXFx1MDQzMVxcdTA0NDNcXHUwNDNiXFx1MDQzZSBcXHUwNDM3XFx1MDQzY1xcdTA0NTZcXHUwNDNkXFx1MDQzNVxcdTA0M2RcXHUwNDNlIFxcdTA0NDNcXHUwNDQxXFx1MDQzZlxcdTA0NTZcXHUwNDQ4XFx1MDQzZFxcdTA0M2UuXCJdLFtcIl9fanNvbl9tZXNzYWdlXCIsMSwyNSxcIlxcdTA0NDBcXHUwNDM1XFx1MDQzOVxcdTA0NDJcXHUwNDM4XFx1MDQzZFxcdTA0MzMgXFxcIjxhIGhyZWY9XFxcIi9hZG1pbi9nYW1lL3Jlc3VsdHMvXFxcIj4mbHQ7UXVlcnlTZXQgWyZsdDtSZXN1bHRzOiBSZXN1bHRzIG9iamVjdCAoNSkmZ3Q7LCAmbHQ7UmVzdWx0czogUmVzdWx0cyBvYmplY3QgKDIpJmd0OywgJmx0O1Jlc3VsdHM6IFJlc3VsdHMgb2JqZWN0ICgzKSZndDssICZsdDtSZXN1bHRzOiBSZXN1bHRzIG9iamVjdCAoNikmZ3Q7LCAmbHQ7UmVzdWx0czogUmVzdWx0cyBvYmplY3QgKDcpJmd0OywgJmx0O1Jlc3VsdHM6IFJlc3VsdHMgb2JqZWN0ICg4KSZndDtdJmd0OzwvYT5cXFwiIFxcdTA0MzFcXHUwNDQzXFx1MDQzYlxcdTA0M2UgXFx1MDQzN1xcdTA0M2NcXHUwNDU2XFx1MDQzZFxcdTA0MzVcXHUwNDNkXFx1MDQzZSBcXHUwNDQzXFx1MDQ0MVxcdTA0M2ZcXHUwNDU2XFx1MDQ0OFxcdTA0M2RcXHUwNDNlLlwiXSxbXCJfX2pzb25fbWVzc2FnZVwiLDEsMjUsXCJcXHUwNDQwXFx1MDQzNVxcdTA0MzlcXHUwNDQyXFx1MDQzOFxcdTA0M2RcXHUwNDMzIFxcXCI8YSBocmVmPVxcXCIvYWRtaW4vZ2FtZS9yZXN1bHRzL1xcXCI+Jmx0O1F1ZXJ5U2V0IFsmbHQ7UmVzdWx0czogUmVzdWx0cyBvYmplY3QgKDUpJmd0OywgJmx0O1Jlc3VsdHM6IFJlc3VsdHMgb2JqZWN0ICgyKSZndDssICZsdDtSZXN1bHRzOiBSZXN1bHRzIG9iamVjdCAoMykmZ3Q7LCAmbHQ7UmVzdWx0czogUmVzdWx0cyBvYmplY3QgKDYpJmd0OywgJmx0O1Jlc3VsdHM6IFJlc3VsdHMgb2JqZWN0ICg3KSZndDssICZsdDtSZXN1bHRzOiBSZXN1bHRzIG9iamVjdCAoOCkmZ3Q7XSZndDs8L2E+XFxcIiBcXHUwNDMxXFx1MDQ0M1xcdTA0M2JcXHUwNDNlIFxcdTA0MzdcXHUwNDNjXFx1MDQ1NlxcdTA0M2RcXHUwNDM1XFx1MDQzZFxcdTA0M2UgXFx1MDQ0M1xcdTA0NDFcXHUwNDNmXFx1MDQ1NlxcdTA0NDhcXHUwNDNkXFx1MDQzZS5cIl0sW1wiX19qc29uX21lc3NhZ2VcIiwxLDI1LFwiXFx1MDQ0MFxcdTA0MzVcXHUwNDM5XFx1MDQ0MlxcdTA0MzhcXHUwNDNkXFx1MDQzMyBcXFwiPGEgaHJlZj1cXFwiL2FkbWluL2dhbWUvcmVzdWx0cy9cXFwiPiZsdDtRdWVyeVNldCBbJmx0O1Jlc3VsdHM6IFJlc3VsdHMgb2JqZWN0ICg1KSZndDssICZsdDtSZXN1bHRzOiBSZXN1bHRzIG9iamVjdCAoMikmZ3Q7LCAmbHQ7UmVzdWx0czogUmVzdWx0cyBvYmplY3QgKDMpJmd0OywgJmx0O1Jlc3VsdHM6IFJlc3VsdHMgb2JqZWN0ICg2KSZndDssICZsdDtSZXN1bHRzOiBSZXN1bHRzIG9iamVjdCAoNykmZ3Q7LCAmbHQ7UmVzdWx0czogUmVzdWx0cyBvYmplY3QgKDgpJmd0O10mZ3Q7PC9hPlxcXCIgXFx1MDQzMVxcdTA0NDNcXHUwNDNiXFx1MDQzZSBcXHUwNDM3XFx1MDQzY1xcdTA0NTZcXHUwNDNkXFx1MDQzNVxcdTA0M2RcXHUwNDNlIFxcdTA0NDNcXHUwNDQxXFx1MDQzZlxcdTA0NTZcXHUwNDQ4XFx1MDQzZFxcdTA0M2UuXCJdLFtcIl9fanNvbl9tZXNzYWdlXCIsMSwyNSxcIlxcdTA0NDBcXHUwNDM1XFx1MDQzOVxcdTA0NDJcXHUwNDM4XFx1MDQzZFxcdTA0MzMgXFxcIjxhIGhyZWY9XFxcIi9hZG1pbi9nYW1lL3Jlc3VsdHMvXFxcIj4mbHQ7UXVlcnlTZXQgWyZsdDtSZXN1bHRzOiBSZXN1bHRzIG9iamVjdCAoNSkmZ3Q7LCAmbHQ7UmVzdWx0czogUmVzdWx0cyBvYmplY3QgKDIpJmd0OywgJmx0O1Jlc3VsdHM6IFJlc3VsdHMgb2JqZWN0ICgzKSZndDssICZsdDtSZXN1bHRzOiBSZXN1bHRzIG9iamVjdCAoNikmZ3Q7LCAmbHQ7UmVzdWx0czogUmVzdWx0cyBvYmplY3QgKDcpJmd0OywgJmx0O1Jlc3VsdHM6IFJlc3VsdHMgb2JqZWN0ICg4KSZndDtdJmd0OzwvYT5cXFwiIFxcdTA0MzFcXHUwNDQzXFx1MDQzYlxcdTA0M2UgXFx1MDQzN1xcdTA0M2NcXHUwNDU2XFx1MDQzZFxcdTA0MzVcXHUwNDNkXFx1MDQzZSBcXHUwNDQzXFx1MDQ0MVxcdTA0M2ZcXHUwNDU2XFx1MDQ0OFxcdTA0M2RcXHUwNDNlLlwiXSxbXCJfX2pzb25fbWVzc2FnZVwiLDEsMjUsXCJcXHUwNDQwXFx1MDQzNVxcdTA0MzlcXHUwNDQyXFx1MDQzOFxcdTA0M2RcXHUwNDMzIFxcXCI8YSBocmVmPVxcXCIvYWRtaW4vZ2FtZS9yZXN1bHRzL1xcXCI+Jmx0O1F1ZXJ5U2V0IFsmbHQ7UmVzdWx0czogUmVzdWx0cyBvYmplY3QgKDUpJmd0OywgJmx0O1Jlc3VsdHM6IFJlc3VsdHMgb2JqZWN0ICgyKSZndDssICZsdDtSZXN1bHRzOiBSZXN1bHRzIG9iamVjdCAoMykmZ3Q7LCAmbHQ7UmVzdWx0czogUmVzdWx0cyBvYmplY3QgKDYpJmd0OywgJmx0O1Jlc3VsdHM6IFJlc3VsdHMgb2JqZWN0ICg3KSZndDssICZsdDtSZXN1bHRzOiBSZXN1bHRzIG9iamVjdCAoOCkmZ3Q7XSZndDs8L2E+XFxcIiBcXHUwNDMxXFx1MDQ0M1xcdTA0M2JcXHUwNDNlIFxcdTA0MzdcXHUwNDNjXFx1MDQ1NlxcdTA0M2RcXHUwNDM1XFx1MDQzZFxcdTA0M2UgXFx1MDQ0M1xcdTA0NDFcXHUwNDNmXFx1MDQ1NlxcdTA0NDhcXHUwNDNkXFx1MDQzZS5cIl0sW1wiX19qc29uX21lc3NhZ2VcIiwxLDI1LFwiXFx1MDQ0MFxcdTA0MzVcXHUwNDM5XFx1MDQ0MlxcdTA0MzhcXHUwNDNkXFx1MDQzMyBcXFwiPGEgaHJlZj1cXFwiL2FkbWluL2dhbWUvcmVzdWx0cy9cXFwiPiZsdDtRdWVyeVNldCBbJmx0O1Jlc3VsdHM6IFJlc3VsdHMgb2JqZWN0ICg1KSZndDssICZsdDtSZXN1bHRzOiBSZXN1bHRzIG9iamVjdCAoMikmZ3Q7LCAmbHQ7UmVzdWx0czogUmVzdWx0cyBvYmplY3QgKDMpJmd0OywgJmx0O1Jlc3VsdHM6IFJlc3VsdHMgb2JqZWN0ICg2KSZndDssICZsdDtSZXN1bHRzOiBSZXN1bHRzIG9iamVjdCAoNykmZ3Q7LCAmbHQ7UmVzdWx0czogUmVzdWx0cyBvYmplY3QgKDgpJmd0O10mZ3Q7PC9hPlxcXCIgXFx1MDQzMVxcdTA0NDNcXHUwNDNiXFx1MDQzZSBcXHUwNDM3XFx1MDQzY1xcdTA0NTZcXHUwNDNkXFx1MDQzNVxcdTA0M2RcXHUwNDNlIFxcdTA0NDNcXHUwNDQxXFx1MDQzZlxcdTA0NTZcXHUwNDQ4XFx1MDQzZFxcdTA0M2UuXCJdLFtcIl9fanNvbl9tZXNzYWdlXCIsMSwyNSxcIlxcdTA0NDBcXHUwNDM1XFx1MDQzOVxcdTA0NDJcXHUwNDM4XFx1MDQzZFxcdTA0MzMgXFxcIjxhIGhyZWY9XFxcIi9hZG1pbi9nYW1lL3Jlc3VsdHMvXFxcIj4mbHQ7UXVlcnlTZXQgWyZsdDtSZXN1bHRzOiBSZXN1bHRzIG9iamVjdCAoNSkmZ3Q7LCAmbHQ7UmVzdWx0czogUmVzdWx0cyBvYmplY3QgKDIpJmd0OywgJmx0O1Jlc3VsdHM6IFJlc3VsdHMgb2JqZWN0ICgzKSZndDssICZsdDtSZXN1bHRzOiBSZXN1bHRzIG9iamVjdCAoNikmZ3Q7LCAmbHQ7UmVzdWx0czogUmVzdWx0cyBvYmplY3QgKDcpJmd0OywgJmx0O1Jlc3VsdHM6IFJlc3VsdHMgb2JqZWN0ICg4KSZndDtdJmd0OzwvYT5cXFwiIFxcdTA0MzFcXHUwNDQzXFx1MDQzYlxcdTA0M2UgXFx1MDQzN1xcdTA0M2NcXHUwNDU2XFx1MDQzZFxcdTA0MzVcXHUwNDNkXFx1MDQzZSBcXHUwNDQzXFx1MDQ0MVxcdTA0M2ZcXHUwNDU2XFx1MDQ0OFxcdTA0M2RcXHUwNDNlLlwiXSxbXCJfX2pzb25fbWVzc2FnZVwiLDEsMjUsXCJcXHUwNDQwXFx1MDQzNVxcdTA0MzlcXHUwNDQyXFx1MDQzOFxcdTA0M2RcXHUwNDMzIFxcXCI8YSBocmVmPVxcXCIvYWRtaW4vZ2FtZS9yZXN1bHRzL1xcXCI+Jmx0O1F1ZXJ5U2V0IFsmbHQ7UmVzdWx0czogUmVzdWx0cyBvYmplY3QgKDUpJmd0OywgJmx0O1Jlc3VsdHM6IFJlc3VsdHMgb2JqZWN0ICgyKSZndDssICZsdDtSZXN1bHRzOiBSZXN1bHRzIG9iamVjdCAoMykmZ3Q7LCAmbHQ7UmVzdWx0czogUmVzdWx0cyBvYmplY3QgKDYpJmd0OywgJmx0O1Jlc3VsdHM6IFJlc3VsdHMgb2JqZWN0ICg3KSZndDssICZsdDtSZXN1bHRzOiBSZXN1bHRzIG9iamVjdCAoOCkmZ3Q7XSZndDs8L2E+XFxcIiBcXHUwNDMxXFx1MDQ0M1xcdTA0M2JcXHUwNDNlIFxcdTA0MzdcXHUwNDNjXFx1MDQ1NlxcdTA0M2RcXHUwNDM1XFx1MDQzZFxcdTA0M2UgXFx1MDQ0M1xcdTA0NDFcXHUwNDNmXFx1MDQ1NlxcdTA0NDhcXHUwNDNkXFx1MDQzZS5cIl0sW1wiX19qc29uX21lc3NhZ2VcIiwxLDI1LFwiXFx1MDQ0MFxcdTA0MzVcXHUwNDM5XFx1MDQ0MlxcdTA0MzhcXHUwNDNkXFx1MDQzMyBcXFwiPGEgaHJlZj1cXFwiL2FkbWluL2dhbWUvcmVzdWx0cy9cXFwiPiZsdDtRdWVyeVNldCBbJmx0O1Jlc3VsdHM6IFJlc3VsdHMgb2JqZWN0ICg1KSZndDssICZsdDtSZXN1bHRzOiBSZXN1bHRzIG9iamVjdCAoMikmZ3Q7LCAmbHQ7UmVzdWx0czogUmVzdWx0cyBvYmplY3QgKDMpJmd0OywgJmx0O1Jlc3VsdHM6IFJlc3VsdHMgb2JqZWN0ICg2KSZndDssICZsdDtSZXN1bHRzOiBSZXN1bHRzIG9iamVjdCAoNykmZ3Q7LCAmbHQ7UmVzdWx0czogUmVzdWx0cyBvYmplY3QgKDgpJmd0O10mZ3Q7PC9hPlxcXCIgXFx1MDQzMVxcdTA0NDNcXHUwNDNiXFx1MDQzZSBcXHUwNDM3XFx1MDQzY1xcdTA0NTZcXHUwNDNkXFx1MDQzNVxcdTA0M2RcXHUwNDNlIFxcdTA0NDNcXHUwNDQxXFx1MDQzZlxcdTA0NTZcXHUwNDQ4XFx1MDQzZFxcdTA0M2UuXCJdLFtcIl9fanNvbl9tZXNzYWdlXCIsMSwyNSxcIlxcdTA0NDBcXHUwNDM1XFx1MDQzOVxcdTA0NDJcXHUwNDM4XFx1MDQzZFxcdTA0MzMgXFxcIjxhIGhyZWY9XFxcIi9hZG1pbi9nYW1lL3Jlc3VsdHMvXFxcIj4mbHQ7UXVlcnlTZXQgWyZsdDtSZXN1bHRzOiBSZXN1bHRzIG9iamVjdCAoNSkmZ3Q7LCAmbHQ7UmVzdWx0czogUmVzdWx0cyBvYmplY3QgKDIpJmd0OywgJmx0O1Jlc3VsdHM6IFJlc3VsdHMgb2JqZWN0ICgzKSZndDssICZsdDtSZXN1bHRzOiBSZXN1bHRzIG9iamVjdCAoNikmZ3Q7LCAmbHQ7UmVzdWx0czogUmVzdWx0cyBvYmplY3QgKDcpJmd0OywgJmx0O1Jlc3VsdHM6IFJlc3VsdHMgb2JqZWN0ICg4KSZndDtdJmd0OzwvYT5cXFwiIFxcdTA0MzFcXHUwNDQzXFx1MDQzYlxcdTA0M2UgXFx1MDQzN1xcdTA0M2NcXHUwNDU2XFx1MDQzZFxcdTA0MzVcXHUwNDNkXFx1MDQzZSBcXHUwNDQzXFx1MDQ0MVxcdTA0M2ZcXHUwNDU2XFx1MDQ0OFxcdTA0M2RcXHUwNDNlLlwiXSxbXCJfX2pzb25fbWVzc2FnZVwiLDEsMjUsXCJcXHUwNDQwXFx1MDQzNVxcdTA0MzlcXHUwNDQyXFx1MDQzOFxcdTA0M2RcXHUwNDMzIFxcXCI8YSBocmVmPVxcXCIvYWRtaW4vZ2FtZS9yZXN1bHRzL1xcXCI+Jmx0O1F1ZXJ5U2V0IFsmbHQ7UmVzdWx0czogUmVzdWx0cyBvYmplY3QgKDUpJmd0OywgJmx0O1Jlc3VsdHM6IFJlc3VsdHMgb2JqZWN0ICgyKSZndDssICZsdDtSZXN1bHRzOiBSZXN1bHRzIG9iamVjdCAoMykmZ3Q7LCAmbHQ7UmVzdWx0czogUmVzdWx0cyBvYmplY3QgKDYpJmd0OywgJmx0O1Jlc3VsdHM6IFJlc3VsdHMgb2JqZWN0ICg3KSZndDssICZsdDtSZXN1bHRzOiBSZXN1bHRzIG9iamVjdCAoOCkmZ3Q7XSZndDs8L2E+XFxcIiBcXHUwNDMxXFx1MDQ0M1xcdTA0M2JcXHUwNDNlIFxcdTA0MzdcXHUwNDNjXFx1MDQ1NlxcdTA0M2RcXHUwNDM1XFx1MDQzZFxcdTA0M2UgXFx1MDQ0M1xcdTA0NDFcXHUwNDNmXFx1MDQ1NlxcdTA0NDhcXHUwNDNkXFx1MDQzZS5cIl0sW1wiX19qc29uX21lc3NhZ2VcIiwxLDI1LFwiXFx1MDQ0MFxcdTA0MzVcXHUwNDM5XFx1MDQ0MlxcdTA0MzhcXHUwNDNkXFx1MDQzMyBcXFwiPGEgaHJlZj1cXFwiL2FkbWluL2dhbWUvcmVzdWx0cy9cXFwiPiZsdDtRdWVyeVNldCBbJmx0O1Jlc3VsdHM6IFJlc3VsdHMgb2JqZWN0ICg1KSZndDssICZsdDtSZXN1bHRzOiBSZXN1bHRzIG9iamVjdCAoMikmZ3Q7LCAmbHQ7UmVzdWx0czogUmVzdWx0cyBvYmplY3QgKDMpJmd0OywgJmx0O1Jlc3VsdHM6IFJlc3VsdHMgb2JqZWN0ICg2KSZndDssICZsdDtSZXN1bHRzOiBSZXN1bHRzIG9iamVjdCAoNykmZ3Q7LCAmbHQ7UmVzdWx0czogUmVzdWx0cyBvYmplY3QgKDgpJmd0O10mZ3Q7PC9hPlxcXCIgXFx1MDQzMVxcdTA0NDNcXHUwNDNiXFx1MDQzZSBcXHUwNDM3XFx1MDQzY1xcdTA0NTZcXHUwNDNkXFx1MDQzNVxcdTA0M2RcXHUwNDNlIFxcdTA0NDNcXHUwNDQxXFx1MDQzZlxcdTA0NTZcXHUwNDQ4XFx1MDQzZFxcdTA0M2UuXCJdLFtcIl9fanNvbl9tZXNzYWdlXCIsMSwyNSxcIlxcdTA0NDBcXHUwNDM1XFx1MDQzOVxcdTA0NDJcXHUwNDM4XFx1MDQzZFxcdTA0MzMgXFxcIjxhIGhyZWY9XFxcIi9hZG1pbi9nYW1lL3Jlc3VsdHMvXFxcIj4mbHQ7UXVlcnlTZXQgWyZsdDtSZXN1bHRzOiBSZXN1bHRzIG9iamVjdCAoNSkmZ3Q7LCAmbHQ7UmVzdWx0czogUmVzdWx0cyBvYmplY3QgKDIpJmd0OywgJmx0O1Jlc3VsdHM6IFJlc3VsdHMgb2JqZWN0ICgzKSZndDssICZsdDtSZXN1bHRzOiBSZXN1bHRzIG9iamVjdCAoNikmZ3Q7LCAmbHQ7UmVzdWx0czogUmVzdWx0cyBvYmplY3QgKDcpJmd0OywgJmx0O1Jlc3VsdHM6IFJlc3VsdHMgb2JqZWN0ICg4KSZndDtdJmd0OzwvYT5cXFwiIFxcdTA0MzFcXHUwNDQzXFx1MDQzYlxcdTA0M2UgXFx1MDQzN1xcdTA0M2NcXHUwNDU2XFx1MDQzZFxcdTA0MzVcXHUwNDNkXFx1MDQzZSBcXHUwNDQzXFx1MDQ0MVxcdTA0M2ZcXHUwNDU2XFx1MDQ0OFxcdTA0M2RcXHUwNDNlLlwiXSxbXCJfX2pzb25fbWVzc2FnZVwiLDEsMjUsXCJcXHUwNDQwXFx1MDQzNVxcdTA0MzlcXHUwNDQyXFx1MDQzOFxcdTA0M2RcXHUwNDMzIFxcXCI8YSBocmVmPVxcXCIvYWRtaW4vZ2FtZS9yZXN1bHRzL1xcXCI+Jmx0O1F1ZXJ5U2V0IFsmbHQ7UmVzdWx0czogUmVzdWx0cyBvYmplY3QgKDUpJmd0OywgJmx0O1Jlc3VsdHM6IFJlc3VsdHMgb2JqZWN0ICgyKSZndDssICZsdDtSZXN1bHRzOiBSZXN1bHRzIG9iamVjdCAoMykmZ3Q7LCAmbHQ7UmVzdWx0czogUmVzdWx0cyBvYmplY3QgKDYpJmd0OywgJmx0O1Jlc3VsdHM6IFJlc3VsdHMgb2JqZWN0ICg3KSZndDssICZsdDtSZXN1bHRzOiBSZXN1bHRzIG9iamVjdCAoOCkmZ3Q7XSZndDs8L2E+XFxcIiBcXHUwNDMxXFx1MDQ0M1xcdTA0M2JcXHUwNDNlIFxcdTA0MzdcXHUwNDNjXFx1MDQ1NlxcdTA0M2RcXHUwNDM1XFx1MDQzZFxcdTA0M2UgXFx1MDQ0M1xcdTA0NDFcXHUwNDNmXFx1MDQ1NlxcdTA0NDhcXHUwNDNkXFx1MDQzZS5cIl0sW1wiX19qc29uX21lc3NhZ2VcIiwxLDI1LFwiXFx1MDQ0MFxcdTA0MzVcXHUwNDM5XFx1MDQ0MlxcdTA0MzhcXHUwNDNkXFx1MDQzMyBcXFwiPGEgaHJlZj1cXFwiL2FkbWluL2dhbWUvcmVzdWx0cy9cXFwiPiZsdDtRdWVyeVNldCBbJmx0O1Jlc3VsdHM6IFJlc3VsdHMgb2JqZWN0ICg1KSZndDssICZsdDtSZXN1bHRzOiBSZXN1bHRzIG9iamVjdCAoMikmZ3Q7LCAmbHQ7UmVzdWx0czogUmVzdWx0cyBvYmplY3QgKDMpJmd0OywgJmx0O1Jlc3VsdHM6IFJlc3VsdHMgb2JqZWN0ICg2KSZndDssICZsdDtSZXN1bHRzOiBSZXN1bHRzIG9iamVjdCAoNykmZ3Q7LCAmbHQ7UmVzdWx0czogUmVzdWx0cyBvYmplY3QgKDgpJmd0O10mZ3Q7PC9hPlxcXCIgXFx1MDQzMVxcdTA0NDNcXHUwNDNiXFx1MDQzZSBcXHUwNDM3XFx1MDQzY1xcdTA0NTZcXHUwNDNkXFx1MDQzNVxcdTA0M2RcXHUwNDNlIFxcdTA0NDNcXHUwNDQxXFx1MDQzZlxcdTA0NTZcXHUwNDQ4XFx1MDQzZFxcdTA0M2UuXCJdLFtcIl9fanNvbl9tZXNzYWdlXCIsMSwyNSxcIlxcdTA0NDBcXHUwNDM1XFx1MDQzOVxcdTA0NDJcXHUwNDM4XFx1MDQzZFxcdTA0MzMgXFxcIjxhIGhyZWY9XFxcIi9hZG1pbi9nYW1lL3Jlc3VsdHMvXFxcIj4mbHQ7UXVlcnlTZXQgWyZsdDtSZXN1bHRzOiBSZXN1bHRzIG9iamVjdCAoNSkmZ3Q7LCAmbHQ7UmVzdWx0czogUmVzdWx0cyBvYmplY3QgKDIpJmd0OywgJmx0O1Jlc3VsdHM6IFJlc3VsdHMgb2JqZWN0ICgzKSZndDssICZsdDtSZXN1bHRzOiBSZXN1bHRzIG9iamVjdCAoNikmZ3Q7LCAmbHQ7UmVzdWx0czogUmVzdWx0cyBvYmplY3QgKDcpJmd0OywgJmx0O1Jlc3VsdHM6IFJlc3VsdHMgb2JqZWN0ICg4KSZndDtdJmd0OzwvYT5cXFwiIFxcdTA0MzFcXHUwNDQzXFx1MDQzYlxcdTA0M2UgXFx1MDQzN1xcdTA0M2NcXHUwNDU2XFx1MDQzZFxcdTA0MzVcXHUwNDNkXFx1MDQzZSBcXHUwNDQzXFx1MDQ0MVxcdTA0M2ZcXHUwNDU2XFx1MDQ0OFxcdTA0M2RcXHUwNDNlLlwiXV0iLCJfYXV0aF91c2VyX2hhc2giOiI4NzhmMmMzMGI1ODU0OWY5Mjk4MGMzNTcxZmMzMzQ0YjM5YzI1NDA5IiwiX2F1dGhfdXNlcl9iYWNrZW5kIjoiZGphbmdvLmNvbnRyaWIuYXV0aC5iYWNrZW5kcy5Nb2RlbEJhY2tlbmQiLCJfYXV0aF91c2VyX2lkIjoiMSJ9",
      "expire_date": "2018-03-02T10:16:10.756Z"
    }
  },
  {
    "model": "sessions.session",
    "pk": "kbc82aokih27j1ywx6wuy5h84skudfye",
    "fields": {
      "session_data": "Y2NjYTAyMzdhZGNmMmUwMTUxNmFmZDllMzIzMmVlMDJmYzZjOWI1Mjp7Il9hdXRoX3VzZXJfaGFzaCI6Ijg3OGYyYzMwYjU4NTQ5ZjkyOTgwYzM1NzFmYzMzNDRiMzljMjU0MDkiLCJfYXV0aF91c2VyX2JhY2tlbmQiOiJkamFuZ28uY29udHJpYi5hdXRoLmJhY2tlbmRzLk1vZGVsQmFja2VuZCIsIl9hdXRoX3VzZXJfaWQiOiIxIn0=",
      "expire_date": "2018-03-08T14:58:03.243Z"
    }
  },
  {
    "model": "sessions.session",
    "pk": "sadja87vc16q59ubqcb4gc6otnn4r3wk",
    "fields": {
      "session_data": "Y2NjYTAyMzdhZGNmMmUwMTUxNmFmZDllMzIzMmVlMDJmYzZjOWI1Mjp7Il9hdXRoX3VzZXJfaGFzaCI6Ijg3OGYyYzMwYjU4NTQ5ZjkyOTgwYzM1NzFmYzMzNDRiMzljMjU0MDkiLCJfYXV0aF91c2VyX2JhY2tlbmQiOiJkamFuZ28uY29udHJpYi5hdXRoLmJhY2tlbmRzLk1vZGVsQmFja2VuZCIsIl9hdXRoX3VzZXJfaWQiOiIxIn0=",
      "expire_date": "2018-03-15T09:56:05.976Z"
    }
  },
  {
    "model": "sessions.session",
    "pk": "t4y45ucrdnyrcjvoqbmiffohar76rhah",
    "fields": {
      "session_data": "Y2NjYTAyMzdhZGNmMmUwMTUxNmFmZDllMzIzMmVlMDJmYzZjOWI1Mjp7Il9hdXRoX3VzZXJfaGFzaCI6Ijg3OGYyYzMwYjU4NTQ5ZjkyOTgwYzM1NzFmYzMzNDRiMzljMjU0MDkiLCJfYXV0aF91c2VyX2JhY2tlbmQiOiJkamFuZ28uY29udHJpYi5hdXRoLmJhY2tlbmRzLk1vZGVsQmFja2VuZCIsIl9hdXRoX3VzZXJfaWQiOiIxIn0=",
      "expire_date": "2018-03-12T09:48:06.790Z"
    }
  },
  {
    "model": "sessions.session",
    "pk": "z0pfa9ztzg1pqyor5ygbxang0dvua1og",
    "fields": {
      "session_data": "MzU3Mzk0ZmQ0ODBjYWI5N2VjNmEwOGFkOTAzZGMxOGUyMWJkNTQ5NTp7Il9hdXRoX3VzZXJfYmFja2VuZCI6ImRqYW5nby5jb250cmliLmF1dGguYmFja2VuZHMuTW9kZWxCYWNrZW5kIiwiX2F1dGhfdXNlcl9pZCI6IjEiLCJfYXV0aF91c2VyX2hhc2giOiI4NzhmMmMzMGI1ODU0OWY5Mjk4MGMzNTcxZmMzMzQ0YjM5YzI1NDA5In0=",
      "expire_date": "2018-03-06T12:30:10.139Z"
    }
  },
  {
    "model": "sessions.session",
    "pk": "zcoxn5d23ogsruxttmo5m36yq5h72i0u",
    "fields": {
      "session_data": "MzU3Mzk0ZmQ0ODBjYWI5N2VjNmEwOGFkOTAzZGMxOGUyMWJkNTQ5NTp7Il9hdXRoX3VzZXJfYmFja2VuZCI6ImRqYW5nby5jb250cmliLmF1dGguYmFja2VuZHMuTW9kZWxCYWNrZW5kIiwiX2F1dGhfdXNlcl9pZCI6IjEiLCJfYXV0aF91c2VyX2hhc2giOiI4NzhmMmMzMGI1ODU0OWY5Mjk4MGMzNTcxZmMzMzQ0YjM5YzI1NDA5In0=",
      "expire_date": "2018-03-06T12:40:29.739Z"
    }
  },
  {
    "model": "auth.permission",
    "pk": 1,
    "fields": {
      "name": "Can add log entry",
      "content_type": 1,
      "codename": "add_logentry"
    }
  },
  {
    "model": "auth.permission",
    "pk": 2,
    "fields": {
      "name": "Can change log entry",
      "content_type": 1,
      "codename": "change_logentry"
    }
  },
  {
    "model": "auth.permission",
    "pk": 3,
    "fields": {
      "name": "Can delete log entry",
      "content_type": 1,
      "codename": "delete_logentry"
    }
  },
  {
    "model": "auth.permission",
    "pk": 4,
    "fields": {
      "name": "Can add user",
      "content_type": 2,
      "codename": "add_user"
    }
  },
  {
    "model": "auth.permission",
    "pk": 5,
    "fields": {
      "name": "Can change user",
      "content_type": 2,
      "codename": "change_user"
    }
  },
  {
    "model": "auth.permission",
    "pk": 6,
    "fields": {
      "name": "Can delete user",
      "content_type": 2,
      "codename": "delete_user"
    }
  },
  {
    "model": "auth.permission",
    "pk": 7,
    "fields": {
      "name": "Can add group",
      "content_type": 3,
      "codename": "add_group"
    }
  },
  {
    "model": "auth.permission",
    "pk": 8,
    "fields": {
      "name": "Can change group",
      "content_type": 3,
      "codename": "change_group"
    }
  },
  {
    "model": "auth.permission",
    "pk": 9,
    "fields": {
      "name": "Can delete group",
      "content_type": 3,
      "codename": "delete_group"
    }
  },
  {
    "model": "auth.permission",
    "pk": 10,
    "fields": {
      "name": "Can add permission",
      "content_type": 4,
      "codename": "add_permission"
    }
  },
  {
    "model": "auth.permission",
    "pk": 11,
    "fields": {
      "name": "Can change permission",
      "content_type": 4,
      "codename": "change_permission"
    }
  },
  {
    "model": "auth.permission",
    "pk": 12,
    "fields": {
      "name": "Can delete permission",
      "content_type": 4,
      "codename": "delete_permission"
    }
  },
  {
    "model": "auth.permission",
    "pk": 13,
    "fields": {
      "name": "Can add content type",
      "content_type": 5,
      "codename": "add_contenttype"
    }
  },
  {
    "model": "auth.permission",
    "pk": 14,
    "fields": {
      "name": "Can change content type",
      "content_type": 5,
      "codename": "change_contenttype"
    }
  },
  {
    "model": "auth.permission",
    "pk": 15,
    "fields": {
      "name": "Can delete content type",
      "content_type": 5,
      "codename": "delete_contenttype"
    }
  },
  {
    "model": "auth.permission",
    "pk": 16,
    "fields": {
      "name": "Can add session",
      "content_type": 6,
      "codename": "add_session"
    }
  },
  {
    "model": "auth.permission",
    "pk": 17,
    "fields": {
      "name": "Can change session",
      "content_type": 6,
      "codename": "change_session"
    }
  },
  {
    "model": "auth.permission",
    "pk": 18,
    "fields": {
      "name": "Can delete session",
      "content_type": 6,
      "codename": "delete_session"
    }
  },
  {
    "model": "auth.permission",
    "pk": 19,
    "fields": {
      "name": "Can add results",
      "content_type": 7,
      "codename": "add_results"
    }
  },
  {
    "model": "auth.permission",
    "pk": 20,
    "fields": {
      "name": "Can change results",
      "content_type": 7,
      "codename": "change_results"
    }
  },
  {
    "model": "auth.permission",
    "pk": 21,
    "fields": {
      "name": "Can delete results",
      "content_type": 7,
      "codename": "delete_results"
    }
  },
  {
    "model": "auth.permission",
    "pk": 22,
    "fields": {
      "name": "Can add codes",
      "content_type": 8,
      "codename": "add_codes"
    }
  },
  {
    "model": "auth.permission",
    "pk": 23,
    "fields": {
      "name": "Can change codes",
      "content_type": 8,
      "codename": "change_codes"
    }
  },
  {
    "model": "auth.permission",
    "pk": 24,
    "fields": {
      "name": "Can delete codes",
      "content_type": 8,
      "codename": "delete_codes"
    }
  },
  {
    "model": "auth.permission",
    "pk": 25,
    "fields": {
      "name": "Can add profile",
      "content_type": 9,
      "codename": "add_profile"
    }
  },
  {
    "model": "auth.permission",
    "pk": 26,
    "fields": {
      "name": "Can change profile",
      "content_type": 9,
      "codename": "change_profile"
    }
  },
  {
    "model": "auth.permission",
    "pk": 27,
    "fields": {
      "name": "Can delete profile",
      "content_type": 9,
      "codename": "delete_profile"
    }
  },
  {
    "model": "auth.user",
    "pk": 1,
    "fields": {
      "password": "pbkdf2_sha256$100000$mXVbEvUD1OI3$i3nya+hk6TLaS6VNcG0YD0hT3RhQz/F0s2+KB7CLeXk=",
      "last_login": "2018-03-01T09:56:05.968Z",
      "is_superuser": true,
      "username": "manager@asd.com",
      "first_name": "",
      "last_name": "",
      "email": "manager@spila.com",
      "is_staff": true,
      "is_active": true,
      "date_joined": "2018-02-12T14:31:48Z",
      "groups": [],
      "user_permissions": []
    }
  },
  {
    "model": "auth.user",
    "pk": 2,
    "fields": {
      "password": "pbkdf2_sha256$100000$CoQEwejhFbjK$C3N+yq+RfrFQmqIOya+1P6B11WWeBhfdkCpt6+/RBQg=",
      "last_login": null,
      "is_superuser": false,
      "username": "admin",
      "first_name": "",
      "last_name": "\u0410\u0434\u043c\u0438\u043d\u043e\u0432\u0438\u0447",
      "email": "admin@spila.com",
      "is_staff": true,
      "is_active": true,
      "date_joined": "2018-02-13T10:16:13Z",
      "groups": [],
      "user_permissions": []
    }
  },
  {
    "model": "auth.user",
    "pk": 3,
    "fields": {
      "password": "pbkdf2_sha256$100000$ArBHjdWlGM2K$eadPGUA66uhNTi04703twaXyUiyeVZwDIO/85uo25uI=",
      "last_login": null,
      "is_superuser": false,
      "username": "customer",
      "first_name": "",
      "last_name": "Romanenko Igor",
      "email": "customer@spila.com",
      "is_staff": false,
      "is_active": true,
      "date_joined": "2018-02-13T11:58:53Z",
      "groups": [],
      "user_permissions": []
    }
  },
  {
    "model": "auth.user",
    "pk": 15,
    "fields": {
      "password": "pbkdf2_sha256$100000$QKS1vtQFAJeu$ivsDyUqgOPBX3gqYBbp0io7+1AP9hpw+3sDnQhm+XRY=",
      "last_login": null,
      "is_superuser": false,
      "username": "admin12@spila.com",
      "first_name": "",
      "last_name": "\u0418\u0432\u0430\u043d\u043e\u0432 \u041f\u0435\u0442\u0440",
      "email": "admin12@spila.com",
      "is_staff": false,
      "is_active": true,
      "date_joined": "2018-02-14T09:11:46.188Z",
      "groups": [],
      "user_permissions": []
    }
  },
  {
    "model": "auth.user",
    "pk": 16,
    "fields": {
      "password": "pbkdf2_sha256$100000$A6dlkBfNb3F0$38hmrVkit9KN7ehQV2G9RuDiPB+Vyrmxx7UAr80rZ+g=",
      "last_login": null,
      "is_superuser": false,
      "username": "admin13@spila.com",
      "first_name": "",
      "last_name": "\u0418\u0432\u0430\u043d\u043e\u0432 \u041f\u0435\u0442\u0440",
      "email": "admin13@spila.com",
      "is_staff": false,
      "is_active": true,
      "date_joined": "2018-02-14T12:41:50.282Z",
      "groups": [],
      "user_permissions": []
    }
  },
  {
    "model": "auth.user",
    "pk": 17,
    "fields": {
      "password": "pbkdf2_sha256$100000$MbbS9X1huMpd$0jBFYlHROApUDBgIHVxX7UuQeDRzHW/7+drDmasVhzs=",
      "last_login": null,
      "is_superuser": false,
      "username": "tesss@gmail.com",
      "first_name": "",
      "last_name": "",
      "email": "tesss@gmail.com",
      "is_staff": false,
      "is_active": true,
      "date_joined": "2018-02-19T14:36:11.020Z",
      "groups": [],
      "user_permissions": []
    }
  },
  {
    "model": "auth.user",
    "pk": 18,
    "fields": {
      "password": "pbkdf2_sha256$100000$lMFDwZ5UIsbv$WCXUxloS4grOzdjT7c7vcJ8PgerKO5PakcyoGtLeKwI=",
      "last_login": null,
      "is_superuser": false,
      "username": "tesss2@gmail.com",
      "first_name": "",
      "last_name": "Ivanov Peter 3",
      "email": "tesss2@gmail.com",
      "is_staff": false,
      "is_active": true,
      "date_joined": "2018-02-19T14:36:25.208Z",
      "groups": [],
      "user_permissions": []
    }
  },
  {
    "model": "auth.user",
    "pk": 19,
    "fields": {
      "password": "pbkdf2_sha256$100000$lH1DnarcJvaJ$vpAJIG3R2cUvk6j5b17bsm4bMA35vAADT2fy6cEd1Ds=",
      "last_login": null,
      "is_superuser": true,
      "username": "igor.r@aboutcode.us",
      "first_name": "",
      "last_name": "",
      "email": "igor.r@aboutcode.us",
      "is_staff": true,
      "is_active": true,
      "date_joined": "2018-03-07T08:47:15.609Z",
      "groups": [],
      "user_permissions": []
    }
  },
  {
    "model": "game.profile",
    "pk": 1,
    "fields": {
      "user": 2,
      "photo": "avatars/index.jpeg",
      "attempts": 3,
      "attempts_used": 3,
      "phone": "+380951102135",
      "token": "hfjdihgruiheigrjhei",
      "birth_date": -15
    }
  },
  {
    "model": "game.profile",
    "pk": 3,
    "fields": {
      "user": 3,
      "photo": "avatars/phone1_2yWAtYJ.png",
      "attempts": 3,
      "attempts_used": 12,
      "phone": "+380951102135",
      "token": "bdXIMWL2mUq4wX8suJVCqUKdzbCLqV9w",
      "birth_date": 0
    }
  },
  {
    "model": "game.profile",
    "pk": 4,
    "fields": {
      "user": 15,
      "photo": "avatars/ios3_yA9APo7.png",
      "attempts": 0,
      "attempts_used": 2,
      "phone": "+380951102135",
      "token": "drr6Z1TtuxhwJ3VXNUI86kswgULYQeyV",
      "birth_date": 546487
    }
  },
  {
    "model": "game.profile",
    "pk": 5,
    "fields": {
      "user": 1,
      "photo": "avatars/index_2Xg6NCJ.jpeg",
      "attempts": 0,
      "attempts_used": 2,
      "phone": "54",
      "token": "LdPlaEClyql0V9WytNDkV1HvvUOYcP4F",
      "birth_date": 1518523227
    }
  },
  {
    "model": "game.profile",
    "pk": 6,
    "fields": {
      "user": 16,
      "photo": "",
      "attempts": 0,
      "attempts_used": 2,
      "phone": "",
      "token": "zJh05dTQs7NCvhVCuuJBW4d0jPJqzyUg",
      "birth_date": 1518523227
    }
  },
  {
    "model": "game.profile",
    "pk": 7,
    "fields": {
      "user": 17,
      "photo": "avatars/default.jpeg",
      "attempts": 0,
      "attempts_used": 2,
      "phone": "",
      "token": "YAJx3Fzl724T2dFYYEQfUkxGilozwHSq",
      "birth_date": 1518523227
    }
  },
  {
    "model": "game.profile",
    "pk": 8,
    "fields": {
      "user": 18,
      "photo": "",
      "attempts": 3,
      "attempts_used": 11,
      "phone": "+380951102135",
      "token": "HKJctfpICfJrVowMBwb8ByqEBLOmWavW",
      "birth_date": 5456456
    }
  },
  {
    "model": "game.codes",
    "pk": 2,
    "fields": {
      "code": "jdfhj",
      "user": 3,
      "created_at": "2018-02-14T14:44:12.482Z",
      "updated_at": "2018-02-14T14:44:12.482Z",
      "attempts": 1
    }
  },
  {
    "model": "game.codes",
    "pk": 3,
    "fields": {
      "code": "fgdr",
      "user": null,
      "created_at": "2018-02-14T15:43:12.657Z",
      "updated_at": "2018-02-14T15:43:12.657Z",
      "attempts": 1
    }
  },
  {
    "model": "game.codes",
    "pk": 4,
    "fields": {
      "code": "regtr",
      "user": null,
      "created_at": "2018-02-14T15:43:50.727Z",
      "updated_at": "2018-02-14T15:43:50.727Z",
      "attempts": 1
    }
  },
  {
    "model": "game.codes",
    "pk": 5,
    "fields": {
      "code": "ertwe",
      "user": null,
      "created_at": "2018-02-14T15:44:33.553Z",
      "updated_at": "2018-02-14T15:44:33.553Z",
      "attempts": 1
    }
  },
  {
    "model": "game.codes",
    "pk": 7,
    "fields": {
      "code": "['thfe']",
      "user": null,
      "created_at": "2018-02-15T10:42:23.201Z",
      "updated_at": "2018-02-15T10:42:23.201Z",
      "attempts": 1
    }
  },
  {
    "model": "game.codes",
    "pk": 37,
    "fields": {
      "code": "thfe",
      "user": null,
      "created_at": "2018-02-15T11:41:29.155Z",
      "updated_at": "2018-02-15T11:41:29.155Z",
      "attempts": 1
    }
  },
  {
    "model": "game.codes",
    "pk": 38,
    "fields": {
      "code": "rthet",
      "user": null,
      "created_at": "2018-02-15T11:41:29.158Z",
      "updated_at": "2018-02-15T11:41:29.158Z",
      "attempts": 1
    }
  },
  {
    "model": "game.codes",
    "pk": 39,
    "fields": {
      "code": "rteh",
      "user": null,
      "created_at": "2018-02-15T11:41:29.161Z",
      "updated_at": "2018-02-15T11:41:29.161Z",
      "attempts": 1
    }
  },
  {
    "model": "game.codes",
    "pk": 40,
    "fields": {
      "code": "rghre",
      "user": null,
      "created_at": "2018-02-15T11:41:29.164Z",
      "updated_at": "2018-02-15T11:41:29.164Z",
      "attempts": 1
    }
  },
  {
    "model": "game.codes",
    "pk": 41,
    "fields": {
      "code": "hreh",
      "user": null,
      "created_at": "2018-02-15T11:41:29.167Z",
      "updated_at": "2018-02-15T11:41:29.167Z",
      "attempts": 1
    }
  },
  {
    "model": "game.codes",
    "pk": 42,
    "fields": {
      "code": "rehe",
      "user": null,
      "created_at": "2018-02-15T11:41:29.171Z",
      "updated_at": "2018-02-15T11:41:29.171Z",
      "attempts": 1
    }
  },
  {
    "model": "game.codes",
    "pk": 43,
    "fields": {
      "code": "rher",
      "user": null,
      "created_at": "2018-02-15T11:41:29.174Z",
      "updated_at": "2018-02-15T11:41:29.174Z",
      "attempts": 1
    }
  },
  {
    "model": "game.codes",
    "pk": 44,
    "fields": {
      "code": "rhbde",
      "user": 3,
      "created_at": "2018-02-15T11:41:29.177Z",
      "updated_at": "2018-02-15T11:41:29.177Z",
      "attempts": 1
    }
  },
  {
    "model": "game.codes",
    "pk": 45,
    "fields": {
      "code": "rgfegf",
      "user": null,
      "created_at": "2018-02-15T11:41:29.180Z",
      "updated_at": "2018-02-15T11:41:29.180Z",
      "attempts": 1
    }
  },
  {
    "model": "game.codes",
    "pk": 46,
    "fields": {
      "code": "yjyt",
      "user": 3,
      "created_at": "2018-02-15T11:41:29.183Z",
      "updated_at": "2018-02-15T11:41:29.183Z",
      "attempts": 1
    }
  },
  {
    "model": "game.codes",
    "pk": 47,
    "fields": {
      "code": "egaw",
      "user": 3,
      "created_at": "2018-02-15T11:41:29.186Z",
      "updated_at": "2018-02-15T11:41:29.186Z",
      "attempts": 1
    }
  },
  {
    "model": "game.codes",
    "pk": 48,
    "fields": {
      "code": "rhsh",
      "user": null,
      "created_at": "2018-02-15T11:41:29.190Z",
      "updated_at": "2018-02-15T11:41:29.190Z",
      "attempts": 1
    }
  },
  {
    "model": "game.codes",
    "pk": 49,
    "fields": {
      "code": "erhrh",
      "user": null,
      "created_at": "2018-02-15T11:41:29.193Z",
      "updated_at": "2018-02-15T11:41:29.193Z",
      "attempts": 1
    }
  },
  {
    "model": "game.codes",
    "pk": 50,
    "fields": {
      "code": "edrrh",
      "user": null,
      "created_at": "2018-02-15T11:41:29.197Z",
      "updated_at": "2018-02-15T11:41:29.197Z",
      "attempts": 1
    }
  },
  {
    "model": "game.codes",
    "pk": 51,
    "fields": {
      "code": "dfewq",
      "user": null,
      "created_at": "2018-02-15T11:41:29.199Z",
      "updated_at": "2018-02-15T11:41:29.199Z",
      "attempts": 1
    }
  },
  {
    "model": "game.codes",
    "pk": 52,
    "fields": {
      "code": "yjui",
      "user": null,
      "created_at": "2018-02-15T11:41:29.205Z",
      "updated_at": "2018-02-15T11:41:29.205Z",
      "attempts": 1
    }
  },
  {
    "model": "game.codes",
    "pk": 53,
    "fields": {
      "code": "ehjyuy",
      "user": null,
      "created_at": "2018-02-15T11:41:29.211Z",
      "updated_at": "2018-02-15T11:41:29.211Z",
      "attempts": 1
    }
  },
  {
    "model": "game.codes",
    "pk": 54,
    "fields": {
      "code": "hrth",
      "user": null,
      "created_at": "2018-02-15T11:41:29.216Z",
      "updated_at": "2018-02-15T11:41:29.216Z",
      "attempts": 1
    }
  },
  {
    "model": "game.codes",
    "pk": 55,
    "fields": {
      "code": "gfewg",
      "user": null,
      "created_at": "2018-02-15T11:41:29.221Z",
      "updated_at": "2018-02-15T11:41:29.221Z",
      "attempts": 1
    }
  },
  {
    "model": "game.codes",
    "pk": 56,
    "fields": {
      "code": "hjgtfy",
      "user": null,
      "created_at": "2018-02-15T11:41:29.227Z",
      "updated_at": "2018-02-15T11:41:29.227Z",
      "attempts": 1
    }
  },
  {
    "model": "game.codes",
    "pk": 57,
    "fields": {
      "code": "sarg",
      "user": null,
      "created_at": "2018-02-15T11:41:29.231Z",
      "updated_at": "2018-02-15T11:41:29.231Z",
      "attempts": 1
    }
  },
  {
    "model": "game.codes",
    "pk": 58,
    "fields": {
      "code": "hjyuk",
      "user": null,
      "created_at": "2018-02-15T11:41:29.236Z",
      "updated_at": "2018-02-15T11:41:29.236Z",
      "attempts": 1
    }
  },
  {
    "model": "game.codes",
    "pk": 59,
    "fields": {
      "code": "tyukt",
      "user": null,
      "created_at": "2018-02-15T11:41:29.238Z",
      "updated_at": "2018-02-15T11:41:29.238Z",
      "attempts": 1
    }
  },
  {
    "model": "game.codes",
    "pk": 60,
    "fields": {
      "code": "rhehe",
      "user": null,
      "created_at": "2018-02-15T11:41:29.241Z",
      "updated_at": "2018-02-15T11:41:29.241Z",
      "attempts": 1
    }
  },
  {
    "model": "game.codes",
    "pk": 61,
    "fields": {
      "code": "hree",
      "user": null,
      "created_at": "2018-02-15T11:41:29.243Z",
      "updated_at": "2018-02-15T11:41:29.243Z",
      "attempts": 1
    }
  },
  {
    "model": "game.codes",
    "pk": 62,
    "fields": {
      "code": "hjh",
      "user": null,
      "created_at": "2018-02-15T11:41:29.246Z",
      "updated_at": "2018-02-15T11:41:29.246Z",
      "attempts": 1
    }
  },
  {
    "model": "game.codes",
    "pk": 63,
    "fields": {
      "code": "tnjyu",
      "user": null,
      "created_at": "2018-02-15T11:41:29.249Z",
      "updated_at": "2018-02-15T11:41:29.249Z",
      "attempts": 1
    }
  },
  {
    "model": "game.codes",
    "pk": 64,
    "fields": {
      "code": "ghrehre",
      "user": null,
      "created_at": "2018-02-15T11:41:29.260Z",
      "updated_at": "2018-02-15T11:41:29.260Z",
      "attempts": 1
    }
  },
  {
    "model": "game.codes",
    "pk": 65,
    "fields": {
      "code": "tyrtyd",
      "user": null,
      "created_at": "2018-02-15T11:41:29.263Z",
      "updated_at": "2018-02-15T11:41:29.263Z",
      "attempts": 1
    }
  },
  {
    "model": "game.codes",
    "pk": 66,
    "fields": {
      "code": "thjrj",
      "user": null,
      "created_at": "2018-02-15T11:41:29.266Z",
      "updated_at": "2018-02-15T12:37:55.886Z",
      "attempts": 1
    }
  },
  {
    "model": "game.codes",
    "pk": 67,
    "fields": {
      "code": "rfhyr",
      "user": 18,
      "created_at": "2018-02-22T14:59:48.570Z",
      "updated_at": "2018-02-22T14:59:48.570Z",
      "attempts": 3
    }
  },
  {
    "model": "game.codes",
    "pk": 68,
    "fields": {
      "code": "rhbde",
      "user": null,
      "created_at": "2018-02-22T14:59:48.574Z",
      "updated_at": "2018-02-22T14:59:48.574Z",
      "attempts": 3
    }
  },
  {
    "model": "game.codes",
    "pk": 69,
    "fields": {
      "code": "ert",
      "user": null,
      "created_at": "2018-02-22T14:59:48.579Z",
      "updated_at": "2018-02-22T14:59:48.579Z",
      "attempts": 3
    }
  },
  {
    "model": "game.codes",
    "pk": 70,
    "fields": {
      "code": "hhr",
      "user": null,
      "created_at": "2018-02-22T14:59:48.584Z",
      "updated_at": "2018-02-22T14:59:48.584Z",
      "attempts": 3
    }
  },
  {
    "model": "game.codes",
    "pk": 71,
    "fields": {
      "code": "ehjyuy",
      "user": null,
      "created_at": "2018-02-22T14:59:48.588Z",
      "updated_at": "2018-02-22T14:59:48.588Z",
      "attempts": 3
    }
  },
  {
    "model": "game.codes",
    "pk": 72,
    "fields": {
      "code": "rehe",
      "user": null,
      "created_at": "2018-02-22T14:59:48.593Z",
      "updated_at": "2018-02-22T14:59:48.593Z",
      "attempts": 3
    }
  },
  {
    "model": "game.codes",
    "pk": 73,
    "fields": {
      "code": "hree",
      "user": null,
      "created_at": "2018-02-22T14:59:48.599Z",
      "updated_at": "2018-02-22T14:59:48.599Z",
      "attempts": 3
    }
  },
  {
    "model": "game.codes",
    "pk": 74,
    "fields": {
      "code": "rghr",
      "user": null,
      "created_at": "2018-02-22T14:59:48.602Z",
      "updated_at": "2018-02-22T14:59:48.603Z",
      "attempts": 3
    }
  },
  {
    "model": "game.codes",
    "pk": 75,
    "fields": {
      "code": "hb",
      "user": null,
      "created_at": "2018-02-22T14:59:48.608Z",
      "updated_at": "2018-02-22T14:59:48.608Z",
      "attempts": 3
    }
  },
  {
    "model": "game.codes",
    "pk": 76,
    "fields": {
      "code": "rgeer",
      "user": null,
      "created_at": "2018-02-22T14:59:48.619Z",
      "updated_at": "2018-02-22T14:59:48.619Z",
      "attempts": 3
    }
  },
  {
    "model": "game.codes",
    "pk": 77,
    "fields": {
      "code": "hjrth",
      "user": null,
      "created_at": "2018-02-22T14:59:48.622Z",
      "updated_at": "2018-02-22T14:59:48.622Z",
      "attempts": 3
    }
  },
  {
    "model": "game.codes",
    "pk": 78,
    "fields": {
      "code": "hdr",
      "user": null,
      "created_at": "2018-02-22T14:59:48.631Z",
      "updated_at": "2018-02-22T14:59:48.631Z",
      "attempts": 3
    }
  },
  {
    "model": "game.codes",
    "pk": 79,
    "fields": {
      "code": "rgr",
      "user": null,
      "created_at": "2018-02-22T14:59:48.638Z",
      "updated_at": "2018-02-22T14:59:48.638Z",
      "attempts": 3
    }
  },
  {
    "model": "game.codes",
    "pk": 80,
    "fields": {
      "code": "rgerew",
      "user": null,
      "created_at": "2018-02-22T14:59:48.641Z",
      "updated_at": "2018-02-22T14:59:48.641Z",
      "attempts": 3
    }
  },
  {
    "model": "game.codes",
    "pk": 81,
    "fields": {
      "code": "rty",
      "user": null,
      "created_at": "2018-02-22T14:59:48.644Z",
      "updated_at": "2018-02-22T14:59:48.644Z",
      "attempts": 3
    }
  },
  {
    "model": "game.codes",
    "pk": 82,
    "fields": {
      "code": "jrtykjtyuk",
      "user": null,
      "created_at": "2018-02-22T14:59:48.647Z",
      "updated_at": "2018-02-22T14:59:48.647Z",
      "attempts": 3
    }
  },
  {
    "model": "game.codes",
    "pk": 83,
    "fields": {
      "code": "tyj",
      "user": null,
      "created_at": "2018-02-22T14:59:48.650Z",
      "updated_at": "2018-02-22T14:59:48.650Z",
      "attempts": 3
    }
  },
  {
    "model": "game.codes",
    "pk": 84,
    "fields": {
      "code": "hrt",
      "user": null,
      "created_at": "2018-02-22T14:59:48.654Z",
      "updated_at": "2018-02-22T14:59:48.654Z",
      "attempts": 3
    }
  },
  {
    "model": "game.codes",
    "pk": 85,
    "fields": {
      "code": "hth",
      "user": null,
      "created_at": "2018-02-22T14:59:48.657Z",
      "updated_at": "2018-02-22T14:59:48.657Z",
      "attempts": 3
    }
  },
  {
    "model": "game.codes",
    "pk": 86,
    "fields": {
      "code": "rtykjtyjui",
      "user": null,
      "created_at": "2018-02-22T14:59:48.660Z",
      "updated_at": "2018-02-22T14:59:48.660Z",
      "attempts": 3
    }
  },
  {
    "model": "game.codes",
    "pk": 87,
    "fields": {
      "code": "jrtj",
      "user": null,
      "created_at": "2018-02-22T14:59:48.669Z",
      "updated_at": "2018-02-22T14:59:48.669Z",
      "attempts": 3
    }
  },
  {
    "model": "game.codes",
    "pk": 88,
    "fields": {
      "code": "gefw",
      "user": null,
      "created_at": "2018-02-22T14:59:48.672Z",
      "updated_at": "2018-02-22T14:59:48.672Z",
      "attempts": 3
    }
  },
  {
    "model": "game.codes",
    "pk": 89,
    "fields": {
      "code": "kiy8u",
      "user": null,
      "created_at": "2018-02-22T14:59:48.679Z",
      "updated_at": "2018-02-22T14:59:48.679Z",
      "attempts": 3
    }
  },
  {
    "model": "game.codes",
    "pk": 90,
    "fields": {
      "code": "kji5rt",
      "user": null,
      "created_at": "2018-02-22T14:59:48.683Z",
      "updated_at": "2018-02-22T14:59:48.683Z",
      "attempts": 3
    }
  },
  {
    "model": "game.codes",
    "pk": 91,
    "fields": {
      "code": "tyu",
      "user": 18,
      "created_at": "2018-02-22T14:59:48.687Z",
      "updated_at": "2018-02-22T14:59:48.687Z",
      "attempts": 3
    }
  },
  {
    "model": "game.codes",
    "pk": 92,
    "fields": {
      "code": "krt",
      "user": null,
      "created_at": "2018-02-22T14:59:48.690Z",
      "updated_at": "2018-02-22T14:59:48.690Z",
      "attempts": 3
    }
  },
  {
    "model": "game.codes",
    "pk": 93,
    "fields": {
      "code": "hjrtj",
      "user": 18,
      "created_at": "2018-02-22T14:59:48.694Z",
      "updated_at": "2018-02-22T14:59:48.694Z",
      "attempts": 3
    }
  },
  {
    "model": "game.codes",
    "pk": 94,
    "fields": {
      "code": "kty",
      "user": null,
      "created_at": "2018-02-22T14:59:48.700Z",
      "updated_at": "2018-02-22T14:59:48.701Z",
      "attempts": 3
    }
  },
  {
    "model": "game.codes",
    "pk": 95,
    "fields": {
      "code": "qqw",
      "user": null,
      "created_at": "2018-02-22T15:12:02.392Z",
      "updated_at": "2018-02-22T15:12:02.392Z",
      "attempts": 5
    }
  },
  {
    "model": "game.codes",
    "pk": 96,
    "fields": {
      "code": "qqwqw",
      "user": null,
      "created_at": "2018-02-22T15:12:02.396Z",
      "updated_at": "2018-02-22T15:12:02.396Z",
      "attempts": 5
    }
  },
  {
    "model": "game.codes",
    "pk": 97,
    "fields": {
      "code": "qwqwqwq",
      "user": null,
      "created_at": "2018-02-22T15:12:02.400Z",
      "updated_at": "2018-02-22T15:12:02.400Z",
      "attempts": 5
    }
  },
  {
    "model": "game.codes",
    "pk": 98,
    "fields": {
      "code": "qwqwqwqwq",
      "user": 18,
      "created_at": "2018-02-22T15:12:02.404Z",
      "updated_at": "2018-03-01T10:01:40.653Z",
      "attempts": 5
    }
  },
  {
    "model": "game.codes",
    "pk": 99,
    "fields": {
      "code": "45dgs",
      "user": null,
      "created_at": "2018-03-01T10:10:18.011Z",
      "updated_at": "2018-03-01T10:10:18.011Z",
      "attempts": 1
    }
  },
  {
    "model": "game.codes",
    "pk": 100,
    "fields": {
      "code": "45dgs",
      "user": null,
      "created_at": "2018-03-01T10:11:23.649Z",
      "updated_at": "2018-03-01T10:11:23.649Z",
      "attempts": 1
    }
  },
  {
    "model": "game.codes",
    "pk": 101,
    "fields": {
      "code": "45dgs1",
      "user": null,
      "created_at": "2018-03-01T10:28:59.093Z",
      "updated_at": "2018-03-01T10:28:59.093Z",
      "attempts": 1
    }
  },
  {
    "model": "game.codes",
    "pk": 114,
    "fields": {
      "code": "jgrgerg",
      "user": null,
      "created_at": "2018-03-01T13:48:48.067Z",
      "updated_at": "2018-03-01T13:48:48.068Z",
      "attempts": 1
    }
  },
  {
    "model": "game.codes",
    "pk": 115,
    "fields": {
      "code": "ereter",
      "user": null,
      "created_at": "2018-03-01T13:48:48.071Z",
      "updated_at": "2018-03-01T13:48:48.071Z",
      "attempts": 1
    }
  },
  {
    "model": "game.codes",
    "pk": 116,
    "fields": {
      "code": "44354",
      "user": null,
      "created_at": "2018-03-01T13:48:48.075Z",
      "updated_at": "2018-03-01T13:48:48.075Z",
      "attempts": 1
    }
  },
  {
    "model": "game.codes",
    "pk": 117,
    "fields": {
      "code": "xvxv",
      "user": null,
      "created_at": "2018-03-01T13:48:48.079Z",
      "updated_at": "2018-03-01T13:48:48.079Z",
      "attempts": 1
    }
  },
  {
    "model": "game.codes",
    "pk": 118,
    "fields": {
      "code": "xvfgtd",
      "user": null,
      "created_at": "2018-03-01T13:48:48.082Z",
      "updated_at": "2018-03-01T13:48:48.082Z",
      "attempts": 1
    }
  },
  {
    "model": "game.codes",
    "pk": 119,
    "fields": {
      "code": "wqwqw",
      "user": null,
      "created_at": "2018-03-01T13:48:48.085Z",
      "updated_at": "2018-03-01T13:48:48.086Z",
      "attempts": 1
    }
  },
  {
    "model": "game.codes",
    "pk": 120,
    "fields": {
      "code": "jgrgergg",
      "user": null,
      "created_at": "2018-03-01T13:50:49.513Z",
      "updated_at": "2018-03-01T13:50:49.513Z",
      "attempts": 3
    }
  },
  {
    "model": "game.codes",
    "pk": 121,
    "fields": {
      "code": "ereteruty",
      "user": null,
      "created_at": "2018-03-01T13:50:49.517Z",
      "updated_at": "2018-03-01T13:50:49.517Z",
      "attempts": 3
    }
  },
  {
    "model": "game.codes",
    "pk": 122,
    "fields": {
      "code": "44354oi",
      "user": null,
      "created_at": "2018-03-01T13:50:49.522Z",
      "updated_at": "2018-03-01T13:50:49.526Z",
      "attempts": 3
    }
  },
  {
    "model": "game.results",
    "pk": 12,
    "fields": {
      "user": 3,
      "score": 12,
      "created_at": "2018-02-16T15:58:39.618Z",
      "updated_at": "2018-02-16T15:58:39.618Z"
    }
  },
  {
    "model": "game.results",
    "pk": 13,
    "fields": {
      "user": 3,
      "score": 48,
      "created_at": "2018-02-16T15:58:47.270Z",
      "updated_at": "2018-02-16T15:58:47.270Z"
    }
  },
  {
    "model": "game.results",
    "pk": 14,
    "fields": {
      "user": 3,
      "score": 24,
      "created_at": "2018-02-16T15:58:52.389Z",
      "updated_at": "2018-02-16T15:58:52.389Z"
    }
  },
  {
    "model": "game.results",
    "pk": 15,
    "fields": {
      "user": 16,
      "score": 24,
      "created_at": "2018-02-16T15:59:42.480Z",
      "updated_at": "2018-02-16T15:59:42.480Z"
    }
  },
  {
    "model": "game.results",
    "pk": 16,
    "fields": {
      "user": 16,
      "score": 2,
      "created_at": "2018-02-16T15:59:55.175Z",
      "updated_at": "2018-02-16T15:59:55.175Z"
    }
  },
  {
    "model": "game.results",
    "pk": 17,
    "fields": {
      "user": 18,
      "score": 15,
      "created_at": "2018-02-26T13:34:13.506Z",
      "updated_at": "2018-02-26T13:34:13.506Z"
    }
  },
  {
    "model": "game.results",
    "pk": 18,
    "fields": {
      "user": 18,
      "score": 85,
      "created_at": "2018-02-26T13:34:24.794Z",
      "updated_at": "2018-02-26T13:34:24.794Z"
    }
  },
  {
    "model": "game.results",
    "pk": 19,
    "fields": {
      "user": 18,
      "score": 15,
      "created_at": "2018-03-02T14:26:31.481Z",
      "updated_at": "2018-03-02T14:26:31.481Z"
    }
  },
  {
    "model": "game.results",
    "pk": 20,
    "fields": {
      "user": 18,
      "score": 15,
      "created_at": "2018-03-06T10:00:47.555Z",
      "updated_at": "2018-03-06T10:00:47.555Z"
    }
  },
  {
    "model": "game.results",
    "pk": 21,
    "fields": {
      "user": 18,
      "score": 19,
      "created_at": "2018-03-06T10:00:56.991Z",
      "updated_at": "2018-03-06T10:00:56.991Z"
    }
  },
  {
    "model": "game.results",
    "pk": 22,
    "fields": {
      "user": 1,
      "score": 19,
      "created_at": "2018-03-06T10:01:04.003Z",
      "updated_at": "2018-03-06T10:01:04.003Z"
    }
  },
  {
    "model": "game.results",
    "pk": 23,
    "fields": {
      "user": 1,
      "score": 24,
      "created_at": "2018-03-06T10:01:08.639Z",
      "updated_at": "2018-03-06T10:01:08.639Z"
    }
  },
  {
    "model": "game.results",
    "pk": 24,
    "fields": {
      "user": 15,
      "score": 6,
      "created_at": "2018-03-06T10:01:35.108Z",
      "updated_at": "2018-03-06T10:01:35.108Z"
    }
  },
  {
    "model": "game.results",
    "pk": 25,
    "fields": {
      "user": 15,
      "score": 35,
      "created_at": "2018-03-06T10:01:39.154Z",
      "updated_at": "2018-03-06T10:01:39.154Z"
    }
  },
  {
    "model": "game.results",
    "pk": 26,
    "fields": {
      "user": 3,
      "score": 3,
      "created_at": "2018-03-06T10:03:30.048Z",
      "updated_at": "2018-03-06T10:03:30.048Z"
    }
  },
  {
    "model": "game.results",
    "pk": 27,
    "fields": {
      "user": 3,
      "score": 41,
      "created_at": "2018-03-06T10:03:42.616Z",
      "updated_at": "2018-03-06T10:03:42.616Z"
    }
  },
  {
    "model": "game.results",
    "pk": 28,
    "fields": {
      "user": 3,
      "score": 14,
      "created_at": "2018-03-06T10:03:48.671Z",
      "updated_at": "2018-03-06T10:03:48.671Z"
    }
  },
  {
    "model": "game.results",
    "pk": 29,
    "fields": {
      "user": 3,
      "score": 19,
      "created_at": "2018-03-06T10:03:52.964Z",
      "updated_at": "2018-03-06T10:03:52.964Z"
    }
  },
  {
    "model": "game.results",
    "pk": 30,
    "fields": {
      "user": 17,
      "score": 19,
      "created_at": "2018-03-06T10:15:14.187Z",
      "updated_at": "2018-03-06T10:15:14.187Z"
    }
  },
  {
    "model": "game.results",
    "pk": 31,
    "fields": {
      "user": 17,
      "score": 10,
      "created_at": "2018-03-06T10:15:19.486Z",
      "updated_at": "2018-03-06T10:15:19.486Z"
    }
  },
  {
    "model": "game.results",
    "pk": 32,
    "fields": {
      "user": 18,
      "score": 10,
      "created_at": "2018-03-06T10:15:57.005Z",
      "updated_at": "2018-03-06T10:15:57.005Z"
    }
  },
  {
    "model": "game.results",
    "pk": 33,
    "fields": {
      "user": 18,
      "score": 29,
      "created_at": "2018-03-06T10:16:06.682Z",
      "updated_at": "2018-03-06T10:16:06.682Z"
    }
  },
  {
    "model": "game.results",
    "pk": 34,
    "fields": {
      "user": 18,
      "score": 2,
      "created_at": "2018-03-06T10:16:13.661Z",
      "updated_at": "2018-03-06T10:16:13.661Z"
    }
  },
  {
    "model": "game.results",
    "pk": 35,
    "fields": {
      "user": 18,
      "score": 8,
      "created_at": "2018-03-06T10:16:16.631Z",
      "updated_at": "2018-03-06T10:16:16.631Z"
    }
  },
  {
    "model": "game.results",
    "pk": 36,
    "fields": {
      "user": 18,
      "score": 12,
      "created_at": "2018-03-06T10:16:19.994Z",
      "updated_at": "2018-03-06T10:16:19.994Z"
    }
  },
  {
    "model": "game.results",
    "pk": 37,
    "fields": {
      "user": 2,
      "score": 12,
      "created_at": "2018-03-06T10:19:21.067Z",
      "updated_at": "2018-03-06T10:19:21.067Z"
    }
  },
  {
    "model": "game.results",
    "pk": 38,
    "fields": {
      "user": 2,
      "score": 9,
      "created_at": "2018-03-06T10:19:28.782Z",
      "updated_at": "2018-03-06T10:19:28.782Z"
    }
  },
  {
    "model": "game.results",
    "pk": 39,
    "fields": {
      "user": 18,
      "score": 7,
      "created_at": "2018-03-06T10:20:12.202Z",
      "updated_at": "2018-03-06T10:20:12.202Z"
    }
  },
  {
    "model": "game.results",
    "pk": 40,
    "fields": {
      "user": 2,
      "score": 7,
      "created_at": "2018-03-06T10:26:02.254Z",
      "updated_at": "2018-03-06T10:26:02.254Z"
    }
  },
  {
    "model": "admin.logentry",
    "pk": 1,
    "fields": {
      "action_time": "2018-02-13T10:16:13.732Z",
      "user": 1,
      "content_type": 2,
      "object_id": "2",
      "object_repr": "admin",
      "action_flag": 1,
      "change_message": "[{\"added\": {}}]"
    }
  },
  {
    "model": "admin.logentry",
    "pk": 2,
    "fields": {
      "action_time": "2018-02-13T10:17:01.653Z",
      "user": 1,
      "content_type": 2,
      "object_id": "2",
      "object_repr": "admin",
      "action_flag": 2,
      "change_message": "[{\"added\": {\"object\": \"admin\", \"name\": \"profile\"}}]"
    }
  },
  {
    "model": "admin.logentry",
    "pk": 3,
    "fields": {
      "action_time": "2018-02-13T10:20:23.635Z",
      "user": 1,
      "content_type": 2,
      "object_id": "2",
      "object_repr": "admin",
      "action_flag": 2,
      "change_message": "[{\"changed\": {\"fields\": [\"photo\"], \"object\": \"admin\", \"name\": \"profile\"}}]"
    }
  },
  {
    "model": "admin.logentry",
    "pk": 4,
    "fields": {
      "action_time": "2018-02-13T10:27:12.084Z",
      "user": 1,
      "content_type": 2,
      "object_id": "2",
      "object_repr": "admin",
      "action_flag": 2,
      "change_message": "[]"
    }
  },
  {
    "model": "admin.logentry",
    "pk": 5,
    "fields": {
      "action_time": "2018-02-13T10:27:22.580Z",
      "user": 1,
      "content_type": 2,
      "object_id": "2",
      "object_repr": "admin",
      "action_flag": 2,
      "change_message": "[]"
    }
  },
  {
    "model": "admin.logentry",
    "pk": 6,
    "fields": {
      "action_time": "2018-02-13T10:28:34.202Z",
      "user": 1,
      "content_type": 2,
      "object_id": "2",
      "object_repr": "admin",
      "action_flag": 2,
      "change_message": "[]"
    }
  },
  {
    "model": "admin.logentry",
    "pk": 7,
    "fields": {
      "action_time": "2018-02-13T10:30:35.254Z",
      "user": 1,
      "content_type": 2,
      "object_id": "2",
      "object_repr": "admin",
      "action_flag": 2,
      "change_message": "[]"
    }
  },
  {
    "model": "admin.logentry",
    "pk": 8,
    "fields": {
      "action_time": "2018-02-13T10:31:36.505Z",
      "user": 1,
      "content_type": 2,
      "object_id": "2",
      "object_repr": "admin",
      "action_flag": 2,
      "change_message": "[]"
    }
  },
  {
    "model": "admin.logentry",
    "pk": 9,
    "fields": {
      "action_time": "2018-02-13T10:37:01.552Z",
      "user": 1,
      "content_type": 2,
      "object_id": "2",
      "object_repr": "admin",
      "action_flag": 2,
      "change_message": "[]"
    }
  },
  {
    "model": "admin.logentry",
    "pk": 10,
    "fields": {
      "action_time": "2018-02-13T10:37:08.124Z",
      "user": 1,
      "content_type": 2,
      "object_id": "2",
      "object_repr": "admin",
      "action_flag": 2,
      "change_message": "[]"
    }
  },
  {
    "model": "admin.logentry",
    "pk": 11,
    "fields": {
      "action_time": "2018-02-13T11:58:54.068Z",
      "user": 1,
      "content_type": 2,
      "object_id": "3",
      "object_repr": "customer",
      "action_flag": 1,
      "change_message": "[{\"added\": {}}]"
    }
  },
  {
    "model": "admin.logentry",
    "pk": 12,
    "fields": {
      "action_time": "2018-02-13T12:01:04.117Z",
      "user": 1,
      "content_type": 2,
      "object_id": "3",
      "object_repr": "customer",
      "action_flag": 2,
      "change_message": "[{\"added\": {\"name\": \"profile\", \"object\": \"customer\"}}]"
    }
  },
  {
    "model": "admin.logentry",
    "pk": 13,
    "fields": {
      "action_time": "2018-02-14T09:30:36.271Z",
      "user": 1,
      "content_type": 2,
      "object_id": "1",
      "object_repr": "manager@asd.com",
      "action_flag": 2,
      "change_message": "[{\"changed\": {\"fields\": [\"username\"]}}]"
    }
  },
  {
    "model": "admin.logentry",
    "pk": 14,
    "fields": {
      "action_time": "2018-02-14T09:31:30.002Z",
      "user": 1,
      "content_type": 2,
      "object_id": "1",
      "object_repr": "manager@asd.com",
      "action_flag": 2,
      "change_message": "[{\"added\": {\"name\": \"profile\", \"object\": \"manager@asd.com\"}}]"
    }
  },
  {
    "model": "admin.logentry",
    "pk": 15,
    "fields": {
      "action_time": "2018-02-14T14:44:12.486Z",
      "user": 1,
      "content_type": 8,
      "object_id": "2",
      "object_repr": "Codes object (2)",
      "action_flag": 1,
      "change_message": "[{\"added\": {}}]"
    }
  },
  {
    "model": "admin.logentry",
    "pk": 16,
    "fields": {
      "action_time": "2018-02-14T15:43:12.659Z",
      "user": 1,
      "content_type": 8,
      "object_id": "3",
      "object_repr": "Codes object (3)",
      "action_flag": 1,
      "change_message": "[{\"added\": {}}]"
    }
  },
  {
    "model": "admin.logentry",
    "pk": 17,
    "fields": {
      "action_time": "2018-02-14T15:43:50.728Z",
      "user": 1,
      "content_type": 8,
      "object_id": "4",
      "object_repr": "Codes object (4)",
      "action_flag": 1,
      "change_message": "[{\"added\": {}}]"
    }
  },
  {
    "model": "admin.logentry",
    "pk": 18,
    "fields": {
      "action_time": "2018-02-14T15:44:33.554Z",
      "user": 1,
      "content_type": 8,
      "object_id": "5",
      "object_repr": "ertwe",
      "action_flag": 1,
      "change_message": "[{\"added\": {}}]"
    }
  },
  {
    "model": "admin.logentry",
    "pk": 19,
    "fields": {
      "action_time": "2018-02-14T15:45:14.608Z",
      "user": 1,
      "content_type": 8,
      "object_id": "6",
      "object_repr": "frgde",
      "action_flag": 1,
      "change_message": "[{\"added\": {}}]"
    }
  },
  {
    "model": "admin.logentry",
    "pk": 20,
    "fields": {
      "action_time": "2018-02-14T16:37:24.852Z",
      "user": 1,
      "content_type": 8,
      "object_id": "6",
      "object_repr": "frgde",
      "action_flag": 3,
      "change_message": ""
    }
  },
  {
    "model": "admin.logentry",
    "pk": 21,
    "fields": {
      "action_time": "2018-02-15T10:18:23.021Z",
      "user": 1,
      "content_type": 8,
      "object_id": "None",
      "object_repr": "",
      "action_flag": 1,
      "change_message": "[{\"added\": {}}]"
    }
  },
  {
    "model": "admin.logentry",
    "pk": 22,
    "fields": {
      "action_time": "2018-02-15T10:22:49.302Z",
      "user": 1,
      "content_type": 8,
      "object_id": "None",
      "object_repr": "",
      "action_flag": 1,
      "change_message": "[{\"added\": {}}]"
    }
  },
  {
    "model": "admin.logentry",
    "pk": 23,
    "fields": {
      "action_time": "2018-02-15T10:23:46.858Z",
      "user": 1,
      "content_type": 8,
      "object_id": "None",
      "object_repr": "",
      "action_flag": 1,
      "change_message": "[{\"added\": {}}]"
    }
  },
  {
    "model": "admin.logentry",
    "pk": 24,
    "fields": {
      "action_time": "2018-02-15T10:26:52.754Z",
      "user": 1,
      "content_type": 8,
      "object_id": "None",
      "object_repr": "",
      "action_flag": 1,
      "change_message": "[{\"added\": {}}]"
    }
  },
  {
    "model": "admin.logentry",
    "pk": 25,
    "fields": {
      "action_time": "2018-02-15T10:32:45.286Z",
      "user": 1,
      "content_type": 8,
      "object_id": "None",
      "object_repr": "",
      "action_flag": 1,
      "change_message": "[{\"added\": {}}]"
    }
  },
  {
    "model": "admin.logentry",
    "pk": 26,
    "fields": {
      "action_time": "2018-02-15T10:33:53.419Z",
      "user": 1,
      "content_type": 8,
      "object_id": "None",
      "object_repr": "",
      "action_flag": 1,
      "change_message": "[{\"added\": {}}]"
    }
  },
  {
    "model": "admin.logentry",
    "pk": 27,
    "fields": {
      "action_time": "2018-02-15T10:42:40.034Z",
      "user": 1,
      "content_type": 8,
      "object_id": "None",
      "object_repr": "",
      "action_flag": 1,
      "change_message": "[{\"added\": {}}]"
    }
  },
  {
    "model": "admin.logentry",
    "pk": 28,
    "fields": {
      "action_time": "2018-02-15T10:43:46.800Z",
      "user": 1,
      "content_type": 8,
      "object_id": "36",
      "object_repr": "['thjrj']",
      "action_flag": 3,
      "change_message": ""
    }
  },
  {
    "model": "admin.logentry",
    "pk": 29,
    "fields": {
      "action_time": "2018-02-15T10:43:46.804Z",
      "user": 1,
      "content_type": 8,
      "object_id": "35",
      "object_repr": "['tyrtyd']",
      "action_flag": 3,
      "change_message": ""
    }
  },
  {
    "model": "admin.logentry",
    "pk": 30,
    "fields": {
      "action_time": "2018-02-15T10:43:46.807Z",
      "user": 1,
      "content_type": 8,
      "object_id": "34",
      "object_repr": "['ghrehre']",
      "action_flag": 3,
      "change_message": ""
    }
  },
  {
    "model": "admin.logentry",
    "pk": 31,
    "fields": {
      "action_time": "2018-02-15T10:43:46.810Z",
      "user": 1,
      "content_type": 8,
      "object_id": "33",
      "object_repr": "['tnjyu']",
      "action_flag": 3,
      "change_message": ""
    }
  },
  {
    "model": "admin.logentry",
    "pk": 32,
    "fields": {
      "action_time": "2018-02-15T10:43:46.814Z",
      "user": 1,
      "content_type": 8,
      "object_id": "32",
      "object_repr": "['hjh']",
      "action_flag": 3,
      "change_message": ""
    }
  },
  {
    "model": "admin.logentry",
    "pk": 33,
    "fields": {
      "action_time": "2018-02-15T10:43:46.818Z",
      "user": 1,
      "content_type": 8,
      "object_id": "31",
      "object_repr": "['hree']",
      "action_flag": 3,
      "change_message": ""
    }
  },
  {
    "model": "admin.logentry",
    "pk": 34,
    "fields": {
      "action_time": "2018-02-15T10:43:46.824Z",
      "user": 1,
      "content_type": 8,
      "object_id": "30",
      "object_repr": "['rhehe']",
      "action_flag": 3,
      "change_message": ""
    }
  },
  {
    "model": "admin.logentry",
    "pk": 35,
    "fields": {
      "action_time": "2018-02-15T10:43:46.829Z",
      "user": 1,
      "content_type": 8,
      "object_id": "29",
      "object_repr": "['tyukt']",
      "action_flag": 3,
      "change_message": ""
    }
  },
  {
    "model": "admin.logentry",
    "pk": 36,
    "fields": {
      "action_time": "2018-02-15T10:43:46.834Z",
      "user": 1,
      "content_type": 8,
      "object_id": "28",
      "object_repr": "['hjyuk']",
      "action_flag": 3,
      "change_message": ""
    }
  },
  {
    "model": "admin.logentry",
    "pk": 37,
    "fields": {
      "action_time": "2018-02-15T10:43:46.838Z",
      "user": 1,
      "content_type": 8,
      "object_id": "27",
      "object_repr": "['sarg']",
      "action_flag": 3,
      "change_message": ""
    }
  },
  {
    "model": "admin.logentry",
    "pk": 38,
    "fields": {
      "action_time": "2018-02-15T10:43:46.843Z",
      "user": 1,
      "content_type": 8,
      "object_id": "26",
      "object_repr": "['hjgtfy']",
      "action_flag": 3,
      "change_message": ""
    }
  },
  {
    "model": "admin.logentry",
    "pk": 39,
    "fields": {
      "action_time": "2018-02-15T10:43:46.846Z",
      "user": 1,
      "content_type": 8,
      "object_id": "25",
      "object_repr": "['gfewg']",
      "action_flag": 3,
      "change_message": ""
    }
  },
  {
    "model": "admin.logentry",
    "pk": 40,
    "fields": {
      "action_time": "2018-02-15T10:43:46.851Z",
      "user": 1,
      "content_type": 8,
      "object_id": "24",
      "object_repr": "['hrth']",
      "action_flag": 3,
      "change_message": ""
    }
  },
  {
    "model": "admin.logentry",
    "pk": 41,
    "fields": {
      "action_time": "2018-02-15T10:43:46.854Z",
      "user": 1,
      "content_type": 8,
      "object_id": "23",
      "object_repr": "['ehjyuy']",
      "action_flag": 3,
      "change_message": ""
    }
  },
  {
    "model": "admin.logentry",
    "pk": 42,
    "fields": {
      "action_time": "2018-02-15T10:43:46.858Z",
      "user": 1,
      "content_type": 8,
      "object_id": "22",
      "object_repr": "['yjui']",
      "action_flag": 3,
      "change_message": ""
    }
  },
  {
    "model": "admin.logentry",
    "pk": 43,
    "fields": {
      "action_time": "2018-02-15T10:43:46.862Z",
      "user": 1,
      "content_type": 8,
      "object_id": "21",
      "object_repr": "['dfewq']",
      "action_flag": 3,
      "change_message": ""
    }
  },
  {
    "model": "admin.logentry",
    "pk": 44,
    "fields": {
      "action_time": "2018-02-15T10:43:46.866Z",
      "user": 1,
      "content_type": 8,
      "object_id": "20",
      "object_repr": "['edrrh']",
      "action_flag": 3,
      "change_message": ""
    }
  },
  {
    "model": "admin.logentry",
    "pk": 45,
    "fields": {
      "action_time": "2018-02-15T10:43:46.870Z",
      "user": 1,
      "content_type": 8,
      "object_id": "19",
      "object_repr": "['erhrh']",
      "action_flag": 3,
      "change_message": ""
    }
  },
  {
    "model": "admin.logentry",
    "pk": 46,
    "fields": {
      "action_time": "2018-02-15T10:43:46.874Z",
      "user": 1,
      "content_type": 8,
      "object_id": "18",
      "object_repr": "['rhsh']",
      "action_flag": 3,
      "change_message": ""
    }
  },
  {
    "model": "admin.logentry",
    "pk": 47,
    "fields": {
      "action_time": "2018-02-15T10:43:46.878Z",
      "user": 1,
      "content_type": 8,
      "object_id": "17",
      "object_repr": "['egaw']",
      "action_flag": 3,
      "change_message": ""
    }
  },
  {
    "model": "admin.logentry",
    "pk": 48,
    "fields": {
      "action_time": "2018-02-15T10:43:46.882Z",
      "user": 1,
      "content_type": 8,
      "object_id": "16",
      "object_repr": "['yjyt']",
      "action_flag": 3,
      "change_message": ""
    }
  },
  {
    "model": "admin.logentry",
    "pk": 49,
    "fields": {
      "action_time": "2018-02-15T10:43:46.886Z",
      "user": 1,
      "content_type": 8,
      "object_id": "15",
      "object_repr": "['rgfegf']",
      "action_flag": 3,
      "change_message": ""
    }
  },
  {
    "model": "admin.logentry",
    "pk": 50,
    "fields": {
      "action_time": "2018-02-15T10:43:46.889Z",
      "user": 1,
      "content_type": 8,
      "object_id": "14",
      "object_repr": "['rhbde']",
      "action_flag": 3,
      "change_message": ""
    }
  },
  {
    "model": "admin.logentry",
    "pk": 51,
    "fields": {
      "action_time": "2018-02-15T10:43:46.893Z",
      "user": 1,
      "content_type": 8,
      "object_id": "13",
      "object_repr": "['rher']",
      "action_flag": 3,
      "change_message": ""
    }
  },
  {
    "model": "admin.logentry",
    "pk": 52,
    "fields": {
      "action_time": "2018-02-15T10:43:46.896Z",
      "user": 1,
      "content_type": 8,
      "object_id": "12",
      "object_repr": "['rehe']",
      "action_flag": 3,
      "change_message": ""
    }
  },
  {
    "model": "admin.logentry",
    "pk": 53,
    "fields": {
      "action_time": "2018-02-15T10:43:46.900Z",
      "user": 1,
      "content_type": 8,
      "object_id": "11",
      "object_repr": "['hreh']",
      "action_flag": 3,
      "change_message": ""
    }
  },
  {
    "model": "admin.logentry",
    "pk": 54,
    "fields": {
      "action_time": "2018-02-15T10:43:46.904Z",
      "user": 1,
      "content_type": 8,
      "object_id": "10",
      "object_repr": "['rghre']",
      "action_flag": 3,
      "change_message": ""
    }
  },
  {
    "model": "admin.logentry",
    "pk": 55,
    "fields": {
      "action_time": "2018-02-15T10:43:46.907Z",
      "user": 1,
      "content_type": 8,
      "object_id": "9",
      "object_repr": "['rteh']",
      "action_flag": 3,
      "change_message": ""
    }
  },
  {
    "model": "admin.logentry",
    "pk": 56,
    "fields": {
      "action_time": "2018-02-15T10:43:46.911Z",
      "user": 1,
      "content_type": 8,
      "object_id": "8",
      "object_repr": "['rthet']",
      "action_flag": 3,
      "change_message": ""
    }
  },
  {
    "model": "admin.logentry",
    "pk": 57,
    "fields": {
      "action_time": "2018-02-15T11:41:34.755Z",
      "user": 1,
      "content_type": 8,
      "object_id": "None",
      "object_repr": "",
      "action_flag": 1,
      "change_message": "[{\"added\": {}}]"
    }
  },
  {
    "model": "admin.logentry",
    "pk": 58,
    "fields": {
      "action_time": "2018-02-15T11:44:59.176Z",
      "user": 1,
      "content_type": 8,
      "object_id": "None",
      "object_repr": "",
      "action_flag": 1,
      "change_message": "[{\"added\": {}}]"
    }
  },
  {
    "model": "admin.logentry",
    "pk": 59,
    "fields": {
      "action_time": "2018-02-15T12:00:34.122Z",
      "user": 1,
      "content_type": 8,
      "object_id": "None",
      "object_repr": "",
      "action_flag": 1,
      "change_message": "[{\"added\": {}}]"
    }
  },
  {
    "model": "admin.logentry",
    "pk": 60,
    "fields": {
      "action_time": "2018-02-15T12:14:08.310Z",
      "user": 1,
      "content_type": 8,
      "object_id": "None",
      "object_repr": "",
      "action_flag": 1,
      "change_message": "[{\"added\": {}}]"
    }
  },
  {
    "model": "admin.logentry",
    "pk": 61,
    "fields": {
      "action_time": "2018-02-15T12:20:34.751Z",
      "user": 1,
      "content_type": 8,
      "object_id": "None",
      "object_repr": "",
      "action_flag": 1,
      "change_message": "[{\"added\": {}}]"
    }
  },
  {
    "model": "admin.logentry",
    "pk": 62,
    "fields": {
      "action_time": "2018-02-15T12:24:51.532Z",
      "user": 1,
      "content_type": 8,
      "object_id": "None",
      "object_repr": "",
      "action_flag": 1,
      "change_message": "[{\"added\": {}}]"
    }
  },
  {
    "model": "admin.logentry",
    "pk": 63,
    "fields": {
      "action_time": "2018-02-15T12:27:37.090Z",
      "user": 1,
      "content_type": 8,
      "object_id": "None",
      "object_repr": "",
      "action_flag": 1,
      "change_message": "[{\"added\": {}}]"
    }
  },
  {
    "model": "admin.logentry",
    "pk": 64,
    "fields": {
      "action_time": "2018-02-15T12:31:08.622Z",
      "user": 1,
      "content_type": 8,
      "object_id": "None",
      "object_repr": "",
      "action_flag": 1,
      "change_message": "[{\"added\": {}}]"
    }
  },
  {
    "model": "admin.logentry",
    "pk": 65,
    "fields": {
      "action_time": "2018-02-15T12:32:50.443Z",
      "user": 1,
      "content_type": 8,
      "object_id": "None",
      "object_repr": "",
      "action_flag": 1,
      "change_message": "[{\"added\": {}}]"
    }
  },
  {
    "model": "admin.logentry",
    "pk": 66,
    "fields": {
      "action_time": "2018-02-15T12:37:55.888Z",
      "user": 1,
      "content_type": 8,
      "object_id": "None",
      "object_repr": "",
      "action_flag": 1,
      "change_message": "[{\"added\": {}}]"
    }
  },
  {
    "model": "admin.logentry",
    "pk": 67,
    "fields": {
      "action_time": "2018-02-22T14:59:48.702Z",
      "user": 1,
      "content_type": 8,
      "object_id": "None",
      "object_repr": "",
      "action_flag": 1,
      "change_message": "[{\"added\": {}}]"
    }
  },
  {
    "model": "admin.logentry",
    "pk": 68,
    "fields": {
      "action_time": "2018-02-22T15:12:02.407Z",
      "user": 1,
      "content_type": 8,
      "object_id": "None",
      "object_repr": "",
      "action_flag": 1,
      "change_message": "[{\"added\": {}}]"
    }
  },
  {
    "model": "admin.logentry",
    "pk": 69,
    "fields": {
      "action_time": "2018-02-26T12:43:35.923Z",
      "user": 1,
      "content_type": 2,
      "object_id": "2",
      "object_repr": "admin",
      "action_flag": 2,
      "change_message": "[{\"changed\": {\"object\": \"admin\", \"fields\": [\"birth_date\"], \"name\": \"profile\"}}]"
    }
  },
  {
    "model": "admin.logentry",
    "pk": 70,
    "fields": {
      "action_time": "2018-02-26T14:38:50.640Z",
      "user": 1,
      "content_type": 2,
      "object_id": "2",
      "object_repr": "admin",
      "action_flag": 2,
      "change_message": "[{\"changed\": {\"fields\": [\"last_name\"]}}]"
    }
  },
  {
    "model": "admin.logentry",
    "pk": 71,
    "fields": {
      "action_time": "2018-02-27T09:00:41.200Z",
      "user": 1,
      "content_type": 2,
      "object_id": "2",
      "object_repr": "admin",
      "action_flag": 2,
      "change_message": "[{\"changed\": {\"fields\": [\"is_staff\", \"is_superuser\"]}}]"
    }
  },
  {
    "model": "admin.logentry",
    "pk": 72,
    "fields": {
      "action_time": "2018-02-27T09:01:36.484Z",
      "user": 1,
      "content_type": 2,
      "object_id": "2",
      "object_repr": "admin",
      "action_flag": 2,
      "change_message": "[{\"changed\": {\"fields\": [\"is_superuser\"]}}]"
    }
  },
  {
    "model": "admin.logentry",
    "pk": 73,
    "fields": {
      "action_time": "2018-02-27T09:03:05.596Z",
      "user": 1,
      "content_type": 2,
      "object_id": "2",
      "object_repr": "admin",
      "action_flag": 2,
      "change_message": "[]"
    }
  },
  {
    "model": "admin.logentry",
    "pk": 74,
    "fields": {
      "action_time": "2018-02-27T09:07:10.005Z",
      "user": 1,
      "content_type": 2,
      "object_id": "2",
      "object_repr": "admin",
      "action_flag": 2,
      "change_message": "[]"
    }
  },
  {
    "model": "admin.logentry",
    "pk": 75,
    "fields": {
      "action_time": "2018-02-27T09:09:33.634Z",
      "user": 1,
      "content_type": 2,
      "object_id": "2",
      "object_repr": "admin",
      "action_flag": 2,
      "change_message": "[]"
    }
  },
  {
    "model": "admin.logentry",
    "pk": 76,
    "fields": {
      "action_time": "2018-02-27T09:11:30.909Z",
      "user": 1,
      "content_type": 2,
      "object_id": "2",
      "object_repr": "admin",
      "action_flag": 2,
      "change_message": "[]"
    }
  },
  {
    "model": "admin.logentry",
    "pk": 77,
    "fields": {
      "action_time": "2018-03-01T10:01:40.657Z",
      "user": 1,
      "content_type": 8,
      "object_id": "None",
      "object_repr": "",
      "action_flag": 1,
      "change_message": "[{\"added\": {}}]"
    }
  },
  {
    "model": "admin.logentry",
    "pk": 78,
    "fields": {
      "action_time": "2018-03-01T13:48:48.088Z",
      "user": 1,
      "content_type": 8,
      "object_id": "None",
      "object_repr": "",
      "action_flag": 1,
      "change_message": "[{\"added\": {}}]"
    }
  },
  {
    "model": "admin.logentry",
    "pk": 79,
    "fields": {
      "action_time": "2018-03-01T13:50:49.527Z",
      "user": 1,
      "content_type": 8,
      "object_id": "None",
      "object_repr": "",
      "action_flag": 1,
      "change_message": "[{\"added\": {}}]"
    }
  }
]